Employee ID,Engagement Score,Satisfaction Score,Work-Life Balance Score
1001,2.0,5.0,5.0
1002,4.0,5.0,3.0
1003,2.0,5.0,2.0
1004,3.0,5.0,3.0
1005,2.0,4.0,5.0
1006,5.0,2.0,1.0
1007,2.0,1.0,5.0
1008,5.0,2.0,2.0
1009,2.0,5.0,1.0
1010,2.0,4.0,2.0
1011,1.0,2.0,3.0
1012,3.0,5.0,4.0
1013,5.0,4.0,3.0
1014,4.0,4.0,1.0
1015,1.0,1.0,3.0
1016,2.0,3.0,2.0
1017,4.0,1.0,3.0
1018,4.0,1.0,4.0
1019,1.0,3.0,5.0
1020,2.0,1.0,2.0
1021,5.0,1.0,4.0
1022,1.0,4.0,4.0
1023,4.0,4.0,3.0
1024,5.0,3.0,1.0
1025,4.0,1.0,4.0
1026,5.0,2.0,5.0
1027,2.0,3.0,5.0
1028,5.0,5.0,4.0
1029,3.0,5.0,4.0
1030,4.0,4.0,1.0
1031,5.0,3.0,2.0
1032,5.0,4.0,4.0
1033,3.0,1.0,3.0
1034,2.0,5.0,1.0
1035,1.0,5.0,5.0
1036,5.0,2.0,1.0
1037,5.0,1.0,4.0
1038,5.0,1.0,2.0
1039,2.0,4.0,5.0
1040,5.0,3.0,1.0
1041,3.0,1.0,4.0
1042,1.0,3.0,4.0
1043,1.0,1.0,3.0
1044,2.0,4.0,5.0
1045,1.0,4.0,1.0
1046,3.0,5.0,4.0
1047,4.0,2.0,3.0
1048,3.0,1.0,4.0
1049,3.0,5.0,2.0
1050,4.0,5.0,1.0
1051,2.0,4.0,5.0
1052,1.0,4.0,4.0
1053,2.0,1.0,4.0
1054,1.0,5.0,2.0
1055,3.0,4.0,1.0
1056,4.0,2.0,2.0
1057,3.0,2.0,5.0
1058,4.0,2.0,1.0
1059,4.0,3.0,3.0
1060,5.0,5.0,4.0
1061,3.0,3.0,1.0
1062,3.0,2.0,1.0
1063,5.0,2.0,4.0
1064,5.0,4.0,4.0
1065,5.0,3.0,4.0
1066,4.0,3.0,5.0
1067,3.0,2.0,5.0
1068,3.0,2.0,2.0
1069,3.0,1.0,2.0
1070,3.0,1.0,2.0
1071,1.0,2.0,2.0
1072,2.0,2.0,3.0
1073,4.0,4.0,2.0
1074,3.0,4.0,1.0
1075,1.0,2.0,3.0
1076,1.0,3.0,1.0
1077,5.0,2.0,4.0
1078,3.0,3.0,4.0
1079,2.0,2.0,1.0
1080,3.0,1.0,3.0
1081,1.0,3.0,3.0
1082,1.0,4.0,1.0
1083,5.0,5.0,3.0
1084,1.0,2.0,4.0
1085,5.0,5.0,3.0
1086,1.0,1.0,5.0
1087,1.0,5.0,2.0
1088,4.0,3.0,1.0
1089,3.0,1.0,5.0
1090,4.0,3.0,4.0
1091,2.0,4.0,3.0
1092,1.0,4.0,1.0
1093,3.0,1.0,4.0
1094,5.0,4.0,5.0
1095,1.0,2.0,1.0
1096,1.0,3.0,2.0
1097,1.0,2.0,5.0
1098,2.0,2.0,2.0
1099,1.0,5.0,5.0
1100,1.0,4.0,5.0
1101,1.0,1.0,3.0
1102,5.0,1.0,4.0
1103,5.0,3.0,1.0
1104,1.0,4.0,2.0
1105,1.0,4.0,1.0
1106,2.0,3.0,3.0
1107,4.0,5.0,1.0
1108,4.0,5.0,3.0
1109,4.0,5.0,4.0
1110,1.0,1.0,4.0
1111,4.0,1.0,1.0
1112,4.0,1.0,1.0
1113,3.0,3.0,5.0
1114,1.0,3.0,3.0
1115,4.0,1.0,3.0
1116,3.0,4.0,4.0
1117,4.0,5.0,1.0
1118,1.0,5.0,3.0
1119,4.0,4.0,5.0
1120,3.0,3.0,4.0
1121,1.0,1.0,4.0
1122,2.0,1.0,2.0
1123,2.0,3.0,1.0
1124,3.0,2.0,3.0
1125,4.0,3.0,4.0
1126,3.0,3.0,2.0
1127,5.0,1.0,3.0
1128,4.0,2.0,4.0
1129,1.0,1.0,1.0
1130,1.0,5.0,4.0
1131,4.0,4.0,4.0
1132,1.0,5.0,5.0
1133,1.0,2.0,4.0
1134,4.0,1.0,2.0
1135,5.0,4.0,4.0
1136,2.0,5.0,2.0
1137,3.0,3.0,5.0
1138,4.0,5.0,1.0
1139,2.0,4.0,2.0
1140,5.0,3.0,2.0
1141,5.0,5.0,2.0
1142,4.0,4.0,4.0
1143,2.0,4.0,2.0
1144,5.0,3.0,2.0
1145,3.0,3.0,4.0
1146,3.0,2.0,2.0
1147,1.0,3.0,5.0
1148,4.0,1.0,3.0
1149,3.0,2.0,5.0
1150,3.0,4.0,4.0
1151,5.0,3.0,1.0
1152,1.0,1.0,5.0
1153,3.0,4.0,2.0
1154,1.0,3.0,2.0
1155,2.0,3.0,1.0
1156,1.0,5.0,2.0
1157,1.0,4.0,2.0
1158,2.0,4.0,4.0
1159,1.0,2.0,4.0
1160,4.0,2.0,3.0
1161,3.0,4.0,4.0
1162,3.0,3.0,2.0
1163,1.0,2.0,3.0
1164,5.0,5.0,5.0
1165,3.0,3.0,1.0
1166,2.0,1.0,4.0
1167,2.0,3.0,4.0
1168,2.0,2.0,2.0
1169,1.0,3.0,2.0
1170,1.0,5.0,4.0
1171,4.0,1.0,4.0
1172,1.0,3.0,2.0
1173,5.0,5.0,2.0
1174,2.0,1.0,5.0
1175,2.0,1.0,2.0
1176,2.0,2.0,5.0
1177,2.0,2.0,5.0
1178,2.0,1.0,2.0
1179,3.0,5.0,1.0
1180,4.0,3.0,1.0
1181,5.0,5.0,4.0
1182,2.0,4.0,5.0
1183,4.0,5.0,5.0
1184,1.0,3.0,1.0
1185,1.0,2.0,4.0
1186,3.0,3.0,5.0
1187,4.0,1.0,1.0
1188,4.0,1.0,1.0
1189,5.0,5.0,3.0
1190,2.0,5.0,3.0
1191,4.0,4.0,4.0
1192,3.0,1.0,1.0
1193,5.0,2.0,3.0
1194,5.0,4.0,2.0
1195,5.0,3.0,2.0
1196,4.0,5.0,4.0
1197,3.0,5.0,4.0
1198,3.0,2.0,2.0
1199,3.0,3.0,3.0
1200,4.0,5.0,1.0
1201,2.0,4.0,4.0
1202,1.0,3.0,2.0
1203,3.0,5.0,3.0
1204,1.0,4.0,3.0
1205,2.0,1.0,2.0
1206,3.0,4.0,2.0
1207,2.0,1.0,2.0
1208,5.0,1.0,5.0
1209,1.0,3.0,1.0
1210,4.0,5.0,1.0
1211,3.0,3.0,1.0
1212,4.0,5.0,4.0
1213,1.0,2.0,4.0
1214,1.0,5.0,3.0
1215,2.0,1.0,5.0
1216,4.0,1.0,1.0
1217,5.0,5.0,1.0
1218,2.0,3.0,1.0
1219,2.0,2.0,2.0
1220,5.0,2.0,4.0
1221,5.0,5.0,3.0
1222,5.0,2.0,1.0
1223,4.0,1.0,4.0
1224,4.0,2.0,3.0
1225,1.0,2.0,4.0
1226,4.0,5.0,4.0
1227,1.0,2.0,2.0
1228,2.0,5.0,3.0
1229,4.0,2.0,5.0
1230,5.0,4.0,4.0
1231,2.0,2.0,1.0
1232,2.0,1.0,5.0
1233,5.0,5.0,3.0
1234,4.0,1.0,5.0
1235,5.0,5.0,3.0
1236,1.0,4.0,1.0
1237,4.0,3.0,1.0
1238,1.0,3.0,3.0
1239,4.0,5.0,5.0
1240,1.0,4.0,3.0
1241,4.0,4.0,3.0
1242,4.0,4.0,1.0
1243,5.0,2.0,3.0
1244,2.0,3.0,5.0
1245,3.0,5.0,5.0
1246,4.0,3.0,2.0
1247,2.0,4.0,5.0
1248,5.0,3.0,2.0
1249,2.0,4.0,2.0
1250,4.0,5.0,1.0
1251,5.0,5.0,3.0
1252,2.0,3.0,2.0
1253,2.0,4.0,2.0
1254,3.0,1.0,5.0
1255,3.0,1.0,1.0
1256,4.0,4.0,2.0
1257,2.0,1.0,1.0
1258,3.0,5.0,4.0
1259,1.0,3.0,4.0
1260,5.0,2.0,5.0
1261,2.0,5.0,4.0
1262,3.0,4.0,1.0
1263,4.0,5.0,3.0
1264,3.0,5.0,4.0
1265,4.0,2.0,5.0
1266,1.0,3.0,1.0
1267,4.0,1.0,5.0
1268,2.0,1.0,2.0
1269,1.0,2.0,4.0
1270,5.0,5.0,1.0
1271,3.0,1.0,5.0
1272,4.0,2.0,3.0
1273,1.0,4.0,2.0
1274,2.0,1.0,5.0
1275,2.0,5.0,3.0
1276,1.0,4.0,5.0
1277,4.0,3.0,3.0
1278,2.0,4.0,5.0
1279,3.0,3.0,5.0
1280,3.0,2.0,2.0
1281,4.0,2.0,1.0
1282,3.0,3.0,1.0
1283,2.0,1.0,2.0
1284,5.0,1.0,5.0
1285,3.0,2.0,2.0
1286,1.0,5.0,1.0
1287,3.0,5.0,2.0
1288,2.0,4.0,5.0
1289,5.0,3.0,1.0
1290,5.0,4.0,2.0
1291,5.0,4.0,5.0
1292,1.0,4.0,3.0
1293,2.0,3.0,2.0
1294,5.0,4.0,2.0
1295,3.0,3.0,3.0
1296,1.0,1.0,5.0
1297,2.0,4.0,4.0
1298,1.0,2.0,1.0
1299,1.0,2.0,2.0
1300,1.0,3.0,1.0
1301,1.0,4.0,2.0
1302,1.0,2.0,4.0
1303,5.0,3.0,5.0
1304,3.0,5.0,1.0
1305,2.0,5.0,2.0
1306,1.0,3.0,5.0
1307,1.0,5.0,1.0
1308,4.0,5.0,2.0
1309,1.0,1.0,3.0
1310,3.0,4.0,3.0
1311,5.0,2.0,3.0
1312,2.0,5.0,2.0
1313,5.0,4.0,1.0
1314,5.0,5.0,3.0
1315,5.0,1.0,1.0
1316,3.0,4.0,3.0
1317,4.0,2.0,2.0
1318,5.0,4.0,2.0
1319,4.0,2.0,5.0
1320,5.0,1.0,5.0
1321,1.0,5.0,5.0
1322,1.0,5.0,2.0
1323,5.0,1.0,5.0
1324,5.0,3.0,3.0
1325,1.0,5.0,3.0
1326,5.0,3.0,1.0
1327,5.0,3.0,4.0
1328,1.0,4.0,3.0
1329,3.0,2.0,5.0
1330,3.0,5.0,2.0
1331,3.0,2.0,5.0
1332,1.0,2.0,5.0
1333,3.0,4.0,5.0
1334,1.0,3.0,1.0
1335,4.0,5.0,5.0
1336,5.0,1.0,4.0
1337,3.0,3.0,4.0
1338,1.0,1.0,1.0
1339,1.0,3.0,2.0
1340,5.0,4.0,4.0
1341,1.0,3.0,4.0
1342,3.0,2.0,2.0
1343,1.0,2.0,3.0
1344,1.0,4.0,5.0
1345,2.0,4.0,4.0
1346,4.0,2.0,3.0
1347,4.0,3.0,1.0
1348,2.0,2.0,4.0
1349,1.0,2.0,3.0
1350,3.0,4.0,5.0
1351,4.0,1.0,5.0
1352,4.0,2.0,1.0
1353,5.0,1.0,5.0
1354,4.0,4.0,2.0
1355,2.0,2.0,3.0
1356,1.0,1.0,1.0
1357,1.0,4.0,3.0
1358,1.0,2.0,5.0
1359,4.0,5.0,1.0
1360,5.0,2.0,1.0
1361,1.0,3.0,2.0
1362,5.0,2.0,5.0
1363,5.0,2.0,2.0
1364,2.0,2.0,4.0
1365,5.0,1.0,2.0
1366,1.0,4.0,2.0
1367,1.0,4.0,3.0
1368,2.0,2.0,2.0
1369,2.0,4.0,3.0
1370,1.0,2.0,1.0
1371,1.0,1.0,2.0
1372,3.0,1.0,4.0
1373,1.0,2.0,5.0
1374,5.0,5.0,4.0
1375,1.0,3.0,2.0
1376,4.0,3.0,5.0
1377,5.0,5.0,4.0
1378,1.0,4.0,5.0
1379,5.0,2.0,5.0
1380,1.0,1.0,2.0
1381,2.0,2.0,1.0
1382,2.0,1.0,1.0
1383,4.0,1.0,5.0
1384,2.0,3.0,4.0
1385,3.0,1.0,3.0
1386,2.0,4.0,5.0
1387,5.0,1.0,2.0
1388,5.0,2.0,4.0
1389,4.0,4.0,3.0
1390,2.0,3.0,4.0
1391,4.0,1.0,1.0
1392,4.0,4.0,3.0
1393,4.0,4.0,4.0
1394,1.0,2.0,2.0
1395,4.0,1.0,2.0
1396,2.0,1.0,3.0
1397,3.0,2.0,3.0
1398,1.0,1.0,1.0
1399,1.0,4.0,4.0
1400,2.0,3.0,3.0
1401,2.0,5.0,3.0
1402,2.0,4.0,4.0
1403,1.0,3.0,2.0
1404,1.0,2.0,2.0
1405,3.0,3.0,3.0
1406,4.0,1.0,5.0
1407,3.0,3.0,1.0
1408,3.0,3.0,3.0
1409,2.0,2.0,1.0
1410,2.0,2.0,4.0
1411,5.0,4.0,5.0
1412,4.0,3.0,5.0
1413,4.0,3.0,2.0
1414,1.0,4.0,4.0
1415,2.0,2.0,1.0
1416,5.0,4.0,3.0
1417,3.0,5.0,2.0
1418,2.0,1.0,3.0
1419,4.0,2.0,1.0
1420,1.0,2.0,4.0
1421,3.0,5.0,5.0
1422,1.0,5.0,2.0
1423,2.0,5.0,5.0
1424,4.0,4.0,5.0
1425,2.0,3.0,1.0
1426,4.0,5.0,5.0
1427,1.0,2.0,3.0
1428,3.0,5.0,2.0
1429,1.0,4.0,3.0
1430,2.0,2.0,2.0
1431,2.0,1.0,1.0
1432,4.0,3.0,4.0
1433,5.0,1.0,3.0
1434,1.0,2.0,3.0
1435,4.0,2.0,3.0
1436,1.0,2.0,2.0
1437,4.0,5.0,5.0
1438,1.0,4.0,1.0
1439,3.0,1.0,3.0
1440,3.0,1.0,4.0
1441,1.0,1.0,5.0
1442,2.0,4.0,2.0
1443,5.0,2.0,3.0
1444,5.0,5.0,3.0
1445,2.0,2.0,4.0
1446,1.0,1.0,5.0
1447,4.0,4.0,1.0
1448,1.0,1.0,3.0
1449,4.0,2.0,2.0
1450,5.0,1.0,2.0
1451,4.0,3.0,4.0
1452,4.0,4.0,5.0
1453,1.0,5.0,1.0
1454,2.0,2.0,1.0
1455,2.0,2.0,4.0
1456,2.0,1.0,5.0
1457,2.0,1.0,1.0
1458,2.0,2.0,4.0
1459,5.0,2.0,5.0
1460,2.0,3.0,1.0
1461,1.0,1.0,2.0
1462,4.0,5.0,5.0
1463,5.0,4.0,5.0
1464,2.0,5.0,1.0
1465,1.0,1.0,3.0
1466,1.0,4.0,5.0
1467,3.0,4.0,2.0
1468,3.0,1.0,3.0
1469,4.0,2.0,4.0
1470,1.0,4.0,1.0
1471,3.0,4.0,2.0
1472,2.0,4.0,1.0
1473,5.0,2.0,1.0
1474,2.0,1.0,3.0
1475,2.0,3.0,3.0
1476,1.0,4.0,1.0
1477,5.0,5.0,3.0
1478,1.0,1.0,3.0
1479,3.0,4.0,2.0
1480,5.0,1.0,4.0
1481,3.0,5.0,3.0
1482,1.0,1.0,1.0
1483,3.0,5.0,4.0
1484,5.0,2.0,1.0
1485,1.0,2.0,1.0
1486,5.0,5.0,2.0
1487,4.0,4.0,2.0
1488,2.0,2.0,4.0
1489,3.0,5.0,2.0
1490,2.0,3.0,4.0
1491,1.0,3.0,3.0
1492,4.0,5.0,2.0
1493,2.0,2.0,4.0
1494,5.0,5.0,5.0
1495,3.0,3.0,4.0
1496,2.0,3.0,3.0
1497,5.0,4.0,5.0
1498,1.0,5.0,3.0
1499,4.0,2.0,3.0
1500,1.0,4.0,4.0
1501,5.0,4.0,4.0
1502,5.0,3.0,5.0
1503,2.0,2.0,4.0
1504,5.0,3.0,2.0
1505,2.0,5.0,4.0
1506,2.0,3.0,2.0
1507,1.0,2.0,1.0
1508,4.0,3.0,2.0
1509,5.0,1.0,3.0
1510,2.0,3.0,3.0
1511,2.0,3.0,2.0
1512,4.0,5.0,2.0
1513,5.0,3.0,5.0
1514,1.0,3.0,2.0
1515,2.0,3.0,1.0
1516,1.0,5.0,3.0
1517,4.0,5.0,3.0
1518,4.0,4.0,2.0
1519,1.0,3.0,1.0
1520,2.0,2.0,5.0
1521,4.0,1.0,3.0
1522,3.0,4.0,5.0
1523,4.0,4.0,3.0
1524,4.0,1.0,2.0
1525,2.0,4.0,1.0
1526,2.0,3.0,3.0
1527,1.0,1.0,3.0
1528,5.0,5.0,2.0
1529,3.0,1.0,3.0
1530,1.0,2.0,3.0
1531,5.0,5.0,3.0
1532,5.0,2.0,2.0
1533,1.0,3.0,2.0
1534,1.0,1.0,5.0
1535,4.0,2.0,1.0
1536,5.0,3.0,5.0
1537,5.0,2.0,4.0
1538,2.0,4.0,5.0
1539,4.0,4.0,5.0
1540,2.0,4.0,2.0
1541,1.0,4.0,1.0
1542,5.0,4.0,4.0
1543,4.0,1.0,1.0
1544,5.0,1.0,5.0
1545,2.0,4.0,2.0
1546,3.0,1.0,5.0
1547,4.0,4.0,4.0
1548,1.0,4.0,4.0
1549,2.0,3.0,1.0
1550,2.0,3.0,3.0
1551,4.0,4.0,2.0
1552,3.0,2.0,4.0
1553,3.0,1.0,5.0
1554,1.0,3.0,3.0
1555,5.0,1.0,2.0
1556,4.0,5.0,2.0
1557,4.0,1.0,2.0
1558,3.0,5.0,2.0
1559,3.0,1.0,3.0
1560,1.0,2.0,4.0
1561,5.0,1.0,3.0
1562,3.0,2.0,1.0
1563,1.0,4.0,3.0
1564,4.0,1.0,4.0
1565,5.0,4.0,5.0
1566,1.0,4.0,1.0
1567,4.0,2.0,4.0
1568,1.0,2.0,3.0
1569,1.0,3.0,1.0
1570,1.0,4.0,5.0
1571,3.0,2.0,4.0
1572,2.0,4.0,3.0
1573,1.0,1.0,3.0
1574,4.0,3.0,2.0
1575,2.0,3.0,2.0
1576,5.0,2.0,3.0
1577,5.0,2.0,1.0
1578,5.0,5.0,1.0
1579,1.0,3.0,1.0
1580,1.0,1.0,5.0
1581,1.0,3.0,5.0
1582,2.0,1.0,5.0
1583,3.0,3.0,3.0
1584,4.0,1.0,4.0
1585,5.0,4.0,4.0
1586,3.0,3.0,4.0
1587,4.0,5.0,3.0
1588,1.0,5.0,5.0
1589,2.0,1.0,1.0
1590,5.0,1.0,3.0
1591,4.0,3.0,1.0
1592,1.0,1.0,4.0
1593,1.0,4.0,1.0
1594,1.0,1.0,4.0
1595,3.0,4.0,3.0
1596,4.0,4.0,1.0
1597,2.0,1.0,4.0
1598,2.0,5.0,5.0
1599,4.0,5.0,2.0
1600,5.0,3.0,2.0
1601,4.0,2.0,5.0
1602,2.0,1.0,3.0
1603,2.0,5.0,1.0
1604,1.0,5.0,1.0
1605,2.0,3.0,3.0
1606,5.0,4.0,3.0
1607,3.0,5.0,5.0
1608,2.0,4.0,3.0
1609,5.0,5.0,4.0
1610,4.0,5.0,5.0
1611,1.0,2.0,2.0
1612,5.0,5.0,3.0
1613,4.0,2.0,1.0
1614,1.0,4.0,2.0
1615,1.0,1.0,3.0
1616,3.0,4.0,1.0
1617,5.0,1.0,2.0
1618,2.0,5.0,4.0
1619,4.0,2.0,2.0
1620,5.0,3.0,2.0
1621,4.0,1.0,3.0
1622,1.0,5.0,5.0
1623,1.0,2.0,2.0
1624,5.0,1.0,3.0
1625,5.0,2.0,2.0
1626,3.0,4.0,5.0
1627,4.0,4.0,1.0
1628,4.0,4.0,2.0
1629,1.0,2.0,4.0
1630,4.0,3.0,2.0
1631,2.0,4.0,1.0
1632,5.0,4.0,4.0
1633,4.0,3.0,2.0
1634,2.0,3.0,1.0
1635,4.0,4.0,2.0
1636,4.0,5.0,2.0
1637,4.0,1.0,2.0
1638,2.0,4.0,5.0
1639,1.0,2.0,1.0
1640,2.0,4.0,1.0
1641,5.0,4.0,4.0
1642,3.0,2.0,2.0
1643,5.0,3.0,4.0
1644,3.0,1.0,1.0
1645,5.0,5.0,5.0
1646,2.0,2.0,1.0
1647,4.0,2.0,5.0
1648,4.0,4.0,5.0
1649,3.0,1.0,2.0
1650,5.0,1.0,3.0
1651,4.0,4.0,4.0
1652,1.0,4.0,4.0
1653,2.0,4.0,5.0
1654,2.0,3.0,3.0
1655,3.0,1.0,2.0
1656,1.0,4.0,5.0
1657,1.0,5.0,1.0
1658,2.0,1.0,2.0
1659,4.0,5.0,5.0
1660,5.0,5.0,1.0
1661,5.0,4.0,4.0
1662,2.0,4.0,5.0
1663,4.0,2.0,4.0
1664,2.0,1.0,1.0
1665,4.0,2.0,3.0
1666,3.0,3.0,4.0
1667,1.0,3.0,5.0
1668,2.0,1.0,3.0
1669,3.0,1.0,2.0
1670,2.0,2.0,2.0
1671,5.0,3.0,5.0
1672,1.0,3.0,4.0
1673,3.0,5.0,5.0
1674,1.0,5.0,5.0
1675,4.0,1.0,4.0
1676,2.0,5.0,1.0
1677,5.0,4.0,5.0
1678,2.0,1.0,1.0
1679,5.0,4.0,3.0
1680,5.0,4.0,5.0
1681,2.0,3.0,4.0
1682,5.0,3.0,4.0
1683,2.0,4.0,4.0
1684,2.0,4.0,3.0
1685,1.0,4.0,2.0
1686,2.0,4.0,2.0
1687,3.0,4.0,5.0
1688,1.0,4.0,5.0
1689,5.0,3.0,5.0
1690,3.0,1.0,5.0
1691,3.0,1.0,2.0
1692,2.0,2.0,1.0
1693,3.0,5.0,1.0
1694,3.0,5.0,3.0
1695,3.0,3.0,3.0
1696,4.0,4.0,1.0
1697,1.0,5.0,2.0
1698,3.0,5.0,4.0
1699,2.0,4.0,3.0
1700,5.0,2.0,4.0
1701,5.0,3.0,2.0
1702,4.0,1.0,2.0
1703,1.0,1.0,4.0
1704,4.0,4.0,3.0
1705,4.0,4.0,1.0
1706,3.0,2.0,5.0
1707,5.0,4.0,3.0
1708,4.0,5.0,4.0
1709,5.0,4.0,2.0
1710,1.0,2.0,3.0
1711,5.0,1.0,4.0
1712,3.0,2.0,3.0
1713,4.0,4.0,5.0
1714,1.0,2.0,3.0
1715,2.0,2.0,5.0
1716,2.0,1.0,1.0
1717,4.0,2.0,5.0
1718,5.0,4.0,5.0
1719,2.0,3.0,1.0
1720,4.0,3.0,2.0
1721,5.0,4.0,4.0
1722,2.0,2.0,4.0
1723,5.0,1.0,5.0
1724,4.0,2.0,2.0
1725,2.0,4.0,5.0
1726,3.0,5.0,3.0
1727,4.0,2.0,4.0
1728,1.0,4.0,2.0
1729,1.0,1.0,2.0
1730,2.0,4.0,4.0
1731,1.0,4.0,1.0
1732,1.0,5.0,4.0
1733,4.0,5.0,3.0
1734,4.0,1.0,4.0
1735,4.0,4.0,5.0
1736,3.0,1.0,3.0
1737,4.0,5.0,2.0
1738,4.0,1.0,2.0
1739,2.0,5.0,1.0
1740,5.0,4.0,4.0
1741,3.0,4.0,2.0
1742,5.0,5.0,3.0
1743,4.0,1.0,5.0
1744,2.0,1.0,4.0
1745,4.0,4.0,3.0
1746,4.0,3.0,4.0
1747,1.0,4.0,4.0
1748,3.0,2.0,4.0
1749,1.0,4.0,5.0
1750,1.0,2.0,5.0
1751,4.0,4.0,1.0
1752,2.0,1.0,2.0
1753,5.0,3.0,3.0
1754,5.0,5.0,1.0
1755,4.0,1.0,1.0
1756,2.0,4.0,4.0
1757,5.0,4.0,5.0
1758,5.0,3.0,5.0
1759,5.0,2.0,4.0
1760,5.0,3.0,2.0
1761,3.0,2.0,1.0
1762,3.0,3.0,5.0
1763,4.0,2.0,4.0
1764,2.0,3.0,5.0
1765,5.0,5.0,2.0
1766,1.0,5.0,2.0
1767,4.0,1.0,1.0
1768,3.0,3.0,3.0
1769,4.0,3.0,5.0
1770,1.0,3.0,5.0
1771,3.0,2.0,1.0
1772,3.0,4.0,5.0
1773,5.0,5.0,2.0
1774,1.0,1.0,2.0
1775,4.0,2.0,3.0
1776,3.0,2.0,3.0
1777,1.0,3.0,1.0
1778,3.0,5.0,4.0
1779,5.0,3.0,4.0
1780,2.0,3.0,2.0
1781,2.0,2.0,4.0
1782,3.0,4.0,1.0
1783,5.0,2.0,4.0
1784,2.0,3.0,1.0
1785,4.0,4.0,5.0
1786,4.0,2.0,1.0
1787,2.0,5.0,3.0
1788,2.0,5.0,1.0
1789,4.0,3.0,1.0
1790,4.0,5.0,4.0
1791,4.0,5.0,3.0
1792,2.0,3.0,5.0
1793,1.0,1.0,2.0
1794,4.0,4.0,2.0
1795,5.0,1.0,4.0
1796,3.0,5.0,2.0
1797,3.0,3.0,5.0
1798,3.0,2.0,4.0
1799,2.0,5.0,3.0
1800,4.0,3.0,5.0
1801,3.0,4.0,3.0
1802,4.0,2.0,5.0
1803,1.0,3.0,1.0
1804,3.0,3.0,5.0
1805,3.0,3.0,1.0
1806,1.0,2.0,5.0
1807,1.0,4.0,4.0
1808,5.0,2.0,4.0
1809,5.0,2.0,1.0
1810,5.0,1.0,4.0
1811,2.0,5.0,1.0
1812,4.0,2.0,5.0
1813,3.0,5.0,3.0
1814,3.0,3.0,1.0
1815,1.0,4.0,5.0
1816,4.0,3.0,1.0
1817,3.0,1.0,5.0
1818,3.0,1.0,3.0
1819,3.0,1.0,1.0
1820,5.0,4.0,3.0
1821,1.0,2.0,1.0
1822,5.0,2.0,2.0
1823,4.0,4.0,3.0
1824,3.0,1.0,1.0
1825,1.0,3.0,3.0
1826,3.0,2.0,5.0
1827,1.0,3.0,5.0
1828,3.0,3.0,2.0
1829,2.0,1.0,2.0
1830,1.0,4.0,1.0
1831,2.0,2.0,2.0
1832,1.0,2.0,4.0
1833,4.0,3.0,2.0
1834,4.0,5.0,1.0
1835,5.0,2.0,2.0
1836,1.0,4.0,3.0
1837,1.0,3.0,3.0
1838,2.0,1.0,1.0
1839,3.0,3.0,3.0
1840,5.0,1.0,4.0
1841,3.0,5.0,3.0
1842,1.0,4.0,4.0
1843,1.0,5.0,4.0
1844,2.0,1.0,4.0
1845,1.0,2.0,5.0
1846,5.0,4.0,1.0
1847,5.0,2.0,3.0
1848,2.0,4.0,5.0
1849,2.0,4.0,4.0
1850,3.0,1.0,2.0
1851,1.0,1.0,4.0
1852,3.0,4.0,1.0
1853,4.0,3.0,5.0
1854,1.0,2.0,5.0
1855,3.0,3.0,3.0
1856,2.0,3.0,3.0
1857,1.0,4.0,1.0
1858,2.0,4.0,1.0
1859,4.0,2.0,5.0
1860,1.0,4.0,3.0
1861,1.0,2.0,4.0
1862,5.0,4.0,4.0
1863,5.0,2.0,2.0
1864,3.0,2.0,1.0
1865,1.0,3.0,4.0
1866,3.0,5.0,2.0
1867,1.0,5.0,2.0
1868,5.0,3.0,3.0
1869,1.0,2.0,3.0
1870,2.0,5.0,3.0
1871,1.0,4.0,3.0
1872,1.0,2.0,5.0
1873,5.0,2.0,3.0
1874,2.0,4.0,4.0
1875,3.0,1.0,4.0
1876,4.0,2.0,1.0
1877,2.0,3.0,2.0
1878,5.0,3.0,3.0
1879,2.0,3.0,4.0
1880,5.0,1.0,2.0
1881,3.0,5.0,3.0
1882,1.0,4.0,2.0
1883,3.0,4.0,2.0
1884,1.0,3.0,3.0
1885,1.0,2.0,4.0
1886,3.0,2.0,5.0
1887,2.0,3.0,3.0
1888,1.0,5.0,1.0
1889,5.0,4.0,4.0
1890,1.0,3.0,2.0
1891,2.0,5.0,2.0
1892,3.0,3.0,3.0
1893,2.0,3.0,4.0
1894,3.0,1.0,5.0
1895,4.0,5.0,2.0
1896,1.0,1.0,3.0
1897,2.0,4.0,5.0
1898,4.0,5.0,5.0
1899,2.0,4.0,5.0
1900,2.0,2.0,5.0
1901,4.0,1.0,5.0
1902,2.0,5.0,3.0
1903,5.0,5.0,2.0
1904,5.0,1.0,4.0
1905,5.0,2.0,1.0
1906,1.0,4.0,5.0
1907,2.0,4.0,5.0
1908,4.0,2.0,5.0
1909,3.0,5.0,2.0
1910,1.0,4.0,1.0
1911,3.0,4.0,3.0
1912,2.0,5.0,1.0
1913,5.0,4.0,2.0
1914,4.0,4.0,5.0
1915,2.0,3.0,5.0
1916,3.0,4.0,3.0
1917,5.0,2.0,3.0
1918,3.0,5.0,5.0
1919,2.0,3.0,3.0
1920,2.0,5.0,3.0
1921,3.0,2.0,5.0
1922,1.0,1.0,3.0
1923,3.0,4.0,4.0
1924,3.0,5.0,1.0
1925,1.0,5.0,3.0
1926,3.0,4.0,2.0
1927,3.0,2.0,1.0
1928,4.0,5.0,5.0
1929,4.0,1.0,3.0
1930,3.0,3.0,4.0
1931,2.0,3.0,4.0
1932,5.0,5.0,2.0
1933,2.0,4.0,5.0
1934,2.0,5.0,2.0
1935,5.0,1.0,4.0
1936,3.0,3.0,5.0
1937,4.0,5.0,4.0
1938,1.0,4.0,3.0
1939,4.0,5.0,3.0
1940,3.0,4.0,5.0
1941,3.0,5.0,4.0
1942,2.0,4.0,2.0
1943,5.0,5.0,4.0
1944,1.0,4.0,1.0
1945,1.0,3.0,4.0
1946,3.0,5.0,1.0
1947,1.0,3.0,3.0
1948,2.0,1.0,5.0
1949,5.0,3.0,4.0
1950,3.0,2.0,1.0
1951,4.0,1.0,3.0
1952,2.0,5.0,2.0
1953,4.0,5.0,4.0
1954,1.0,1.0,5.0
1955,2.0,3.0,4.0
1956,1.0,5.0,4.0
1957,5.0,2.0,2.0
1958,4.0,2.0,5.0
1959,5.0,3.0,4.0
1960,3.0,4.0,1.0
1961,2.0,3.0,1.0
1962,2.0,4.0,1.0
1963,2.0,5.0,3.0
1964,5.0,5.0,5.0
1965,3.0,1.0,1.0
1966,4.0,3.0,2.0
1967,4.0,2.0,4.0
1968,1.0,4.0,2.0
1969,4.0,3.0,3.0
1970,5.0,4.0,4.0
1971,3.0,2.0,1.0
1972,2.0,2.0,3.0
1973,4.0,2.0,3.0
1974,4.0,1.0,3.0
1975,4.0,4.0,3.0
1976,1.0,5.0,1.0
1977,2.0,5.0,4.0
1978,3.0,5.0,1.0
1979,1.0,4.0,5.0
1980,5.0,4.0,5.0
1981,5.0,4.0,3.0
1982,3.0,5.0,5.0
1983,2.0,5.0,1.0
1984,5.0,2.0,2.0
1985,5.0,5.0,2.0
1986,1.0,4.0,2.0
1987,5.0,1.0,3.0
1988,1.0,3.0,5.0
1989,4.0,2.0,5.0
1990,3.0,1.0,1.0
1991,2.0,1.0,3.0
1992,4.0,3.0,3.0
1993,5.0,2.0,4.0
1994,5.0,5.0,1.0
1995,4.0,3.0,1.0
1996,3.0,5.0,2.0
1997,3.0,3.0,2.0
1998,2.0,4.0,3.0
1999,3.0,2.0,2.0
2000,1.0,3.0,3.0
2001,5.0,3.0,5.0
2002,1.0,4.0,2.0
2003,5.0,5.0,1.0
2004,3.0,3.0,4.0
2005,2.0,1.0,2.0
2006,5.0,5.0,2.0
2007,4.0,1.0,5.0
2008,1.0,2.0,2.0
2009,5.0,2.0,2.0
2010,4.0,4.0,4.0
2011,3.0,2.0,2.0
2012,2.0,3.0,2.0
2013,4.0,5.0,4.0
2014,2.0,5.0,4.0
2015,4.0,3.0,1.0
2016,1.0,3.0,5.0
2017,2.0,5.0,4.0
2018,5.0,2.0,1.0
2019,2.0,1.0,4.0
2020,2.0,1.0,4.0
2021,1.0,3.0,4.0
2022,5.0,3.0,5.0
2023,3.0,4.0,4.0
2024,2.0,1.0,5.0
2025,1.0,2.0,4.0
2026,2.0,4.0,4.0
2027,3.0,1.0,3.0
2028,4.0,4.0,4.0
2029,2.0,5.0,1.0
2030,4.0,1.0,5.0
2031,1.0,3.0,1.0
2032,5.0,2.0,4.0
2033,4.0,1.0,5.0
2034,2.0,4.0,1.0
2035,4.0,2.0,3.0
2036,4.0,3.0,4.0
2037,2.0,5.0,4.0
2038,5.0,3.0,2.0
2039,5.0,2.0,2.0
2040,1.0,2.0,5.0
2041,1.0,1.0,5.0
2042,5.0,2.0,1.0
2043,1.0,3.0,3.0
2044,5.0,1.0,5.0
2045,3.0,1.0,4.0
2046,2.0,2.0,4.0
2047,3.0,5.0,3.0
2048,2.0,5.0,4.0
2049,3.0,1.0,3.0
2050,5.0,4.0,5.0
2051,5.0,2.0,4.0
2052,1.0,4.0,4.0
2053,5.0,3.0,1.0
2054,4.0,5.0,3.0
2055,5.0,4.0,2.0
2056,3.0,4.0,1.0
2057,4.0,1.0,3.0
2058,5.0,5.0,4.0
2059,4.0,4.0,5.0
2060,5.0,5.0,5.0
2061,2.0,4.0,3.0
2062,4.0,1.0,2.0
2063,4.0,5.0,3.0
2064,1.0,3.0,5.0
2065,5.0,4.0,4.0
2066,1.0,5.0,1.0
2067,5.0,2.0,1.0
2068,4.0,3.0,5.0
2069,3.0,1.0,5.0
2070,3.0,4.0,5.0
2071,2.0,1.0,5.0
2072,5.0,4.0,1.0
2073,1.0,2.0,2.0
2074,3.0,2.0,4.0
2075,4.0,5.0,2.0
2076,5.0,5.0,1.0
2077,4.0,1.0,1.0
2078,5.0,5.0,2.0
2079,4.0,2.0,3.0
2080,4.0,1.0,4.0
2081,1.0,1.0,4.0
2082,4.0,2.0,4.0
2083,2.0,2.0,4.0
2084,3.0,2.0,2.0
2085,3.0,4.0,4.0
2086,5.0,4.0,3.0
2087,4.0,4.0,1.0
2088,2.0,1.0,2.0
2089,5.0,3.0,3.0
2090,3.0,4.0,3.0
2091,3.0,1.0,1.0
2092,1.0,2.0,3.0
2093,2.0,3.0,1.0
2094,2.0,5.0,5.0
2095,5.0,3.0,1.0
2096,3.0,4.0,4.0
2097,2.0,1.0,4.0
2098,2.0,4.0,1.0
2099,1.0,4.0,5.0
2100,1.0,1.0,1.0
2101,4.0,4.0,2.0
2102,1.0,1.0,3.0
2103,1.0,4.0,5.0
2104,1.0,4.0,3.0
2105,3.0,4.0,2.0
2106,5.0,5.0,1.0
2107,4.0,1.0,1.0
2108,1.0,2.0,4.0
2109,3.0,3.0,5.0
2110,1.0,4.0,2.0
2111,2.0,3.0,1.0
2112,4.0,3.0,1.0
2113,5.0,1.0,5.0
2114,5.0,4.0,1.0
2115,5.0,2.0,1.0
2116,1.0,4.0,2.0
2117,2.0,3.0,2.0
2118,3.0,2.0,4.0
2119,1.0,2.0,3.0
2120,4.0,4.0,1.0
2121,4.0,1.0,3.0
2122,3.0,3.0,2.0
2123,3.0,5.0,3.0
2124,4.0,1.0,5.0
2125,4.0,5.0,3.0
2126,3.0,4.0,4.0
2127,2.0,2.0,3.0
2128,1.0,3.0,1.0
2129,5.0,5.0,2.0
2130,3.0,5.0,2.0
2131,1.0,2.0,1.0
2132,2.0,3.0,3.0
2133,2.0,3.0,2.0
2134,4.0,2.0,5.0
2135,2.0,2.0,4.0
2136,2.0,2.0,2.0
2137,1.0,3.0,3.0
2138,1.0,5.0,2.0
2139,1.0,4.0,4.0
2140,4.0,5.0,4.0
2141,2.0,3.0,3.0
2142,2.0,5.0,1.0
2143,2.0,1.0,1.0
2144,2.0,5.0,4.0
2145,3.0,3.0,5.0
2146,3.0,1.0,1.0
2147,2.0,1.0,2.0
2148,1.0,1.0,2.0
2149,5.0,3.0,5.0
2150,2.0,1.0,1.0
2151,4.0,4.0,4.0
2152,3.0,1.0,4.0
2153,3.0,5.0,3.0
2154,1.0,3.0,2.0
2155,1.0,2.0,4.0
2156,5.0,1.0,3.0
2157,4.0,2.0,5.0
2158,2.0,4.0,3.0
2159,1.0,1.0,1.0
2160,1.0,1.0,5.0
2161,1.0,4.0,3.0
2162,3.0,5.0,4.0
2163,5.0,5.0,4.0
2164,3.0,1.0,3.0
2165,5.0,3.0,3.0
2166,2.0,2.0,1.0
2167,2.0,4.0,2.0
2168,5.0,1.0,4.0
2169,5.0,2.0,4.0
2170,1.0,5.0,2.0
2171,1.0,3.0,2.0
2172,2.0,4.0,1.0
2173,1.0,4.0,3.0
2174,1.0,1.0,5.0
2175,1.0,3.0,3.0
2176,2.0,1.0,1.0
2177,4.0,2.0,1.0
2178,4.0,1.0,5.0
2179,1.0,3.0,1.0
2180,4.0,4.0,4.0
2181,2.0,1.0,4.0
2182,1.0,1.0,2.0
2183,4.0,4.0,2.0
2184,2.0,4.0,4.0
2185,4.0,5.0,5.0
2186,4.0,1.0,1.0
2187,2.0,1.0,5.0
2188,5.0,4.0,2.0
2189,1.0,2.0,4.0
2190,5.0,2.0,3.0
2191,2.0,2.0,3.0
2192,5.0,3.0,4.0
2193,2.0,2.0,3.0
2194,1.0,4.0,1.0
2195,1.0,5.0,1.0
2196,5.0,2.0,3.0
2197,2.0,3.0,1.0
2198,2.0,4.0,2.0
2199,4.0,3.0,4.0
2200,3.0,1.0,5.0
2201,5.0,1.0,5.0
2202,5.0,4.0,5.0
2203,1.0,4.0,1.0
2204,5.0,2.0,3.0
2205,2.0,3.0,5.0
2206,2.0,4.0,3.0
2207,3.0,3.0,1.0
2208,5.0,3.0,3.0
2209,2.0,2.0,5.0
2210,1.0,5.0,3.0
2211,1.0,5.0,3.0
2212,4.0,1.0,5.0
2213,1.0,4.0,2.0
2214,1.0,1.0,5.0
2215,1.0,5.0,5.0
2216,4.0,5.0,2.0
2217,2.0,1.0,2.0
2218,4.0,1.0,5.0
2219,5.0,2.0,2.0
2220,3.0,3.0,5.0
2221,1.0,5.0,1.0
2222,2.0,3.0,5.0
2223,1.0,1.0,4.0
2224,2.0,1.0,3.0
2225,1.0,2.0,2.0
2226,4.0,4.0,5.0
2227,2.0,3.0,4.0
2228,3.0,2.0,2.0
2229,3.0,1.0,1.0
2230,1.0,5.0,5.0
2231,1.0,2.0,2.0
2232,4.0,5.0,2.0
2233,5.0,1.0,1.0
2234,1.0,1.0,4.0
2235,3.0,5.0,3.0
2236,2.0,1.0,2.0
2237,2.0,5.0,2.0
2238,4.0,4.0,3.0
2239,1.0,3.0,4.0
2240,2.0,4.0,5.0
2241,4.0,4.0,4.0
2242,3.0,2.0,4.0
2243,1.0,3.0,5.0
2244,4.0,2.0,1.0
2245,2.0,4.0,4.0
2246,3.0,4.0,5.0
2247,3.0,4.0,4.0
2248,1.0,5.0,5.0
2249,3.0,5.0,5.0
2250,4.0,2.0,1.0
2251,4.0,4.0,4.0
2252,1.0,3.0,3.0
2253,5.0,1.0,2.0
2254,3.0,2.0,5.0
2255,1.0,4.0,4.0
2256,5.0,5.0,4.0
2257,4.0,3.0,5.0
2258,2.0,5.0,4.0
2259,1.0,2.0,5.0
2260,3.0,1.0,4.0
2261,2.0,1.0,5.0
2262,4.0,4.0,3.0
2263,3.0,1.0,4.0
2264,1.0,2.0,3.0
2265,2.0,4.0,2.0
2266,5.0,3.0,2.0
2267,1.0,3.0,3.0
2268,2.0,3.0,2.0
2269,5.0,5.0,1.0
2270,4.0,4.0,3.0
2271,5.0,4.0,4.0
2272,5.0,5.0,3.0
2273,5.0,2.0,3.0
2274,2.0,5.0,1.0
2275,5.0,4.0,3.0
2276,5.0,2.0,2.0
2277,3.0,4.0,4.0
2278,5.0,4.0,2.0
2279,2.0,5.0,1.0
2280,4.0,2.0,5.0
2281,1.0,4.0,2.0
2282,1.0,5.0,3.0
2283,4.0,2.0,1.0
2284,1.0,4.0,4.0
2285,4.0,3.0,3.0
2286,4.0,4.0,4.0
2287,4.0,4.0,2.0
2288,5.0,1.0,4.0
2289,2.0,5.0,3.0
2290,4.0,1.0,3.0
2291,3.0,4.0,1.0
2292,5.0,1.0,1.0
2293,5.0,3.0,1.0
2294,4.0,4.0,4.0
2295,3.0,5.0,4.0
2296,4.0,4.0,5.0
2297,5.0,4.0,1.0
2298,3.0,2.0,1.0
2299,2.0,1.0,2.0
2300,5.0,1.0,2.0
2301,3.0,1.0,4.0
2302,2.0,5.0,3.0
2303,5.0,5.0,1.0
2304,5.0,1.0,2.0
2305,4.0,5.0,5.0
2306,3.0,4.0,3.0
2307,5.0,2.0,3.0
2308,1.0,2.0,3.0
2309,2.0,5.0,5.0
2310,4.0,1.0,3.0
2311,5.0,3.0,2.0
2312,1.0,4.0,3.0
2313,5.0,2.0,3.0
2314,4.0,1.0,3.0
2315,4.0,3.0,2.0
2316,4.0,2.0,5.0
2317,2.0,2.0,1.0
2318,2.0,1.0,5.0
2319,5.0,4.0,3.0
2320,5.0,1.0,3.0
2321,4.0,2.0,5.0
2322,4.0,3.0,4.0
2323,2.0,1.0,3.0
2324,1.0,2.0,4.0
2325,4.0,4.0,1.0
2326,3.0,1.0,4.0
2327,4.0,1.0,2.0
2328,1.0,4.0,3.0
2329,2.0,3.0,1.0
2330,3.0,4.0,5.0
2331,2.0,5.0,3.0
2332,1.0,1.0,1.0
2333,5.0,4.0,2.0
2334,3.0,3.0,5.0
2335,1.0,5.0,5.0
2336,5.0,1.0,5.0
2337,1.0,4.0,3.0
2338,2.0,3.0,5.0
2339,3.0,1.0,5.0
2340,4.0,5.0,3.0
2341,1.0,5.0,2.0
2342,1.0,4.0,3.0
2343,1.0,3.0,4.0
2344,2.0,5.0,5.0
2345,2.0,1.0,5.0
2346,5.0,3.0,1.0
2347,2.0,3.0,2.0
2348,4.0,4.0,2.0
2349,5.0,5.0,1.0
2350,1.0,4.0,5.0
2351,3.0,3.0,5.0
2352,2.0,3.0,3.0
2353,2.0,4.0,3.0
2354,5.0,1.0,1.0
2355,1.0,1.0,4.0
2356,4.0,1.0,1.0
2357,1.0,2.0,3.0
2358,5.0,3.0,3.0
2359,4.0,4.0,3.0
2360,4.0,4.0,3.0
2361,4.0,4.0,2.0
2362,5.0,4.0,5.0
2363,2.0,5.0,1.0
2364,4.0,2.0,4.0
2365,1.0,1.0,1.0
2366,4.0,2.0,5.0
2367,3.0,2.0,5.0
2368,5.0,2.0,1.0
2369,5.0,2.0,4.0
2370,1.0,2.0,4.0
2371,2.0,1.0,5.0
2372,3.0,4.0,5.0
2373,3.0,5.0,5.0
2374,1.0,2.0,1.0
2375,2.0,4.0,2.0
2376,5.0,2.0,4.0
2377,1.0,2.0,1.0
2378,2.0,5.0,3.0
2379,2.0,5.0,1.0
2380,2.0,1.0,3.0
2381,2.0,3.0,3.0
2382,4.0,3.0,4.0
2383,5.0,3.0,5.0
2384,2.0,2.0,2.0
2385,2.0,1.0,3.0
2386,1.0,4.0,3.0
2387,1.0,2.0,5.0
2388,5.0,2.0,4.0
2389,1.0,4.0,2.0
2390,1.0,5.0,4.0
2391,3.0,3.0,3.0
2392,4.0,3.0,2.0
2393,3.0,2.0,2.0
2394,4.0,1.0,1.0
2395,1.0,1.0,4.0
2396,3.0,4.0,2.0
2397,2.0,5.0,2.0
2398,4.0,3.0,3.0
2399,1.0,4.0,2.0
2400,4.0,4.0,3.0
2401,1.0,1.0,3.0
2402,3.0,2.0,2.0
2403,3.0,3.0,3.0
2404,3.0,3.0,1.0
2405,4.0,1.0,2.0
2406,1.0,4.0,4.0
2407,3.0,5.0,5.0
2408,2.0,5.0,5.0
2409,3.0,3.0,3.0
2410,4.0,4.0,1.0
2411,2.0,3.0,3.0
2412,5.0,4.0,5.0
2413,4.0,2.0,2.0
2414,1.0,1.0,5.0
2415,1.0,2.0,5.0
2416,4.0,5.0,1.0
2417,2.0,3.0,4.0
2418,3.0,2.0,5.0
2419,2.0,2.0,1.0
2420,4.0,3.0,1.0
2421,1.0,3.0,5.0
2422,5.0,4.0,5.0
2423,3.0,3.0,5.0
2424,2.0,1.0,4.0
2425,2.0,2.0,2.0
2426,5.0,5.0,3.0
2427,2.0,2.0,1.0
2428,2.0,5.0,5.0
2429,3.0,4.0,2.0
2430,2.0,1.0,1.0
2431,4.0,2.0,5.0
2432,1.0,1.0,2.0
2433,1.0,5.0,3.0
2434,5.0,2.0,5.0
2435,1.0,3.0,2.0
2436,1.0,3.0,3.0
2437,3.0,5.0,2.0
2438,4.0,1.0,4.0
2439,4.0,3.0,5.0
2440,2.0,5.0,2.0
2441,2.0,4.0,2.0
2442,2.0,1.0,5.0
2443,4.0,3.0,5.0
2444,1.0,1.0,5.0
2445,3.0,4.0,5.0
2446,1.0,2.0,5.0
2447,5.0,3.0,4.0
2448,2.0,2.0,5.0
2449,4.0,5.0,3.0
2450,5.0,3.0,2.0
2451,5.0,3.0,1.0
2452,3.0,3.0,1.0
2453,3.0,3.0,3.0
2454,1.0,4.0,3.0
2455,3.0,3.0,1.0
2456,4.0,5.0,3.0
2457,3.0,2.0,3.0
2458,5.0,3.0,1.0
2459,5.0,5.0,5.0
2460,3.0,4.0,2.0
2461,3.0,2.0,4.0
2462,4.0,1.0,2.0
2463,3.0,5.0,5.0
2464,2.0,3.0,2.0
2465,3.0,3.0,1.0
2466,2.0,4.0,1.0
2467,1.0,1.0,4.0
2468,5.0,4.0,3.0
2469,2.0,1.0,5.0
2470,5.0,5.0,2.0
2471,5.0,5.0,3.0
2472,5.0,2.0,3.0
2473,4.0,4.0,3.0
2474,4.0,5.0,2.0
2475,1.0,4.0,1.0
2476,3.0,5.0,5.0
2477,4.0,4.0,3.0
2478,4.0,4.0,1.0
2479,2.0,1.0,2.0
2480,3.0,2.0,3.0
2481,2.0,5.0,1.0
2482,4.0,2.0,5.0
2483,5.0,1.0,3.0
2484,1.0,2.0,2.0
2485,3.0,5.0,5.0
2486,1.0,1.0,5.0
2487,1.0,1.0,4.0
2488,2.0,4.0,5.0
2489,1.0,3.0,2.0
2490,2.0,2.0,4.0
2491,4.0,5.0,2.0
2492,3.0,2.0,5.0
2493,1.0,3.0,1.0
2494,1.0,1.0,1.0
2495,5.0,1.0,2.0
2496,2.0,3.0,3.0
2497,5.0,2.0,5.0
2498,5.0,3.0,5.0
2499,5.0,5.0,3.0
2500,1.0,3.0,5.0
2501,1.0,5.0,3.0
2502,3.0,3.0,5.0
2503,1.0,1.0,1.0
2504,1.0,5.0,3.0
2505,3.0,2.0,3.0
2506,3.0,3.0,2.0
2507,2.0,3.0,4.0
2508,1.0,4.0,1.0
2509,1.0,2.0,3.0
2510,2.0,2.0,2.0
2511,4.0,3.0,1.0
2512,1.0,4.0,2.0
2513,5.0,2.0,4.0
2514,5.0,2.0,2.0
2515,1.0,1.0,1.0
2516,5.0,1.0,5.0
2517,5.0,5.0,1.0
2518,4.0,2.0,1.0
2519,3.0,5.0,5.0
2520,2.0,1.0,1.0
2521,4.0,4.0,4.0
2522,3.0,3.0,2.0
2523,1.0,1.0,3.0
2524,3.0,3.0,4.0
2525,2.0,5.0,1.0
2526,1.0,1.0,1.0
2527,3.0,4.0,5.0
2528,2.0,4.0,2.0
2529,4.0,5.0,1.0
2530,4.0,1.0,1.0
2531,2.0,5.0,4.0
2532,1.0,1.0,4.0
2533,1.0,1.0,3.0
2534,2.0,2.0,5.0
2535,2.0,5.0,2.0
2536,2.0,1.0,2.0
2537,4.0,5.0,4.0
2538,5.0,4.0,5.0
2539,4.0,2.0,3.0
2540,3.0,4.0,4.0
2541,3.0,4.0,3.0
2542,2.0,1.0,3.0
2543,3.0,4.0,3.0
2544,2.0,3.0,2.0
2545,3.0,2.0,3.0
2546,4.0,4.0,5.0
2547,2.0,5.0,1.0
2548,2.0,5.0,3.0
2549,4.0,3.0,5.0
2550,3.0,1.0,1.0
2551,4.0,2.0,2.0
2552,3.0,2.0,3.0
2553,2.0,2.0,2.0
2554,5.0,1.0,4.0
2555,5.0,1.0,4.0
2556,4.0,1.0,3.0
2557,1.0,3.0,1.0
2558,2.0,4.0,5.0
2559,3.0,5.0,3.0
2560,5.0,1.0,5.0
2561,3.0,5.0,4.0
2562,1.0,4.0,3.0
2563,2.0,2.0,4.0
2564,1.0,4.0,4.0
2565,2.0,5.0,4.0
2566,3.0,2.0,2.0
2567,4.0,3.0,5.0
2568,3.0,5.0,2.0
2569,3.0,4.0,3.0
2570,3.0,3.0,1.0
2571,3.0,3.0,5.0
2572,1.0,1.0,2.0
2573,1.0,4.0,3.0
2574,3.0,1.0,4.0
2575,4.0,3.0,4.0
2576,2.0,4.0,1.0
2577,5.0,2.0,4.0
2578,4.0,5.0,3.0
2579,3.0,4.0,4.0
2580,1.0,2.0,4.0
2581,2.0,3.0,4.0
2582,3.0,2.0,5.0
2583,5.0,5.0,3.0
2584,4.0,4.0,5.0
2585,5.0,1.0,4.0
2586,2.0,4.0,2.0
2587,4.0,4.0,4.0
2588,5.0,1.0,5.0
2589,2.0,5.0,1.0
2590,1.0,1.0,4.0
2591,4.0,5.0,5.0
2592,5.0,1.0,2.0
2593,3.0,1.0,2.0
2594,1.0,5.0,3.0
2595,3.0,5.0,4.0
2596,4.0,1.0,2.0
2597,4.0,5.0,4.0
2598,5.0,3.0,2.0
2599,1.0,4.0,2.0
2600,5.0,2.0,4.0
2601,3.0,5.0,5.0
2602,5.0,5.0,2.0
2603,4.0,1.0,4.0
2604,1.0,1.0,2.0
2605,3.0,4.0,3.0
2606,1.0,5.0,1.0
2607,3.0,1.0,2.0
2608,1.0,4.0,5.0
2609,3.0,3.0,4.0
2610,5.0,1.0,2.0
2611,5.0,3.0,1.0
2612,2.0,2.0,5.0
2613,2.0,1.0,2.0
2614,5.0,1.0,1.0
2615,5.0,1.0,3.0
2616,3.0,1.0,3.0
2617,4.0,4.0,2.0
2618,5.0,3.0,3.0
2619,1.0,2.0,1.0
2620,4.0,3.0,4.0
2621,3.0,5.0,4.0
2622,3.0,5.0,1.0
2623,2.0,5.0,3.0
2624,1.0,4.0,3.0
2625,5.0,5.0,3.0
2626,1.0,4.0,2.0
2627,5.0,3.0,3.0
2628,5.0,4.0,2.0
2629,1.0,5.0,4.0
2630,1.0,5.0,4.0
2631,5.0,1.0,4.0
2632,1.0,4.0,2.0
2633,5.0,2.0,3.0
2634,3.0,5.0,3.0
2635,3.0,1.0,3.0
2636,5.0,3.0,3.0
2637,2.0,2.0,2.0
2638,1.0,2.0,2.0
2639,1.0,3.0,3.0
2640,1.0,5.0,2.0
2641,2.0,3.0,5.0
2642,2.0,3.0,1.0
2643,4.0,3.0,5.0
2644,4.0,1.0,2.0
2645,4.0,3.0,5.0
2646,4.0,2.0,2.0
2647,5.0,5.0,3.0
2648,4.0,2.0,1.0
2649,4.0,4.0,1.0
2650,1.0,1.0,1.0
2651,1.0,3.0,2.0
2652,1.0,4.0,2.0
2653,4.0,5.0,3.0
2654,4.0,1.0,3.0
2655,2.0,5.0,5.0
2656,5.0,4.0,3.0
2657,4.0,3.0,3.0
2658,3.0,1.0,1.0
2659,5.0,3.0,2.0
2660,5.0,1.0,1.0
2661,3.0,3.0,2.0
2662,4.0,1.0,1.0
2663,3.0,4.0,1.0
2664,5.0,2.0,2.0
2665,1.0,5.0,5.0
2666,5.0,5.0,3.0
2667,3.0,2.0,3.0
2668,4.0,4.0,1.0
2669,4.0,2.0,1.0
2670,4.0,2.0,1.0
2671,1.0,2.0,5.0
2672,5.0,2.0,2.0
2673,5.0,1.0,1.0
2674,1.0,1.0,4.0
2675,2.0,4.0,4.0
2676,4.0,3.0,4.0
2677,2.0,1.0,5.0
2678,5.0,3.0,3.0
2679,4.0,4.0,1.0
2680,1.0,4.0,4.0
2681,3.0,3.0,3.0
2682,1.0,2.0,2.0
2683,3.0,4.0,2.0
2684,3.0,4.0,2.0
2685,3.0,1.0,1.0
2686,5.0,3.0,4.0
2687,4.0,5.0,5.0
2688,2.0,3.0,3.0
2689,2.0,1.0,1.0
2690,1.0,3.0,2.0
2691,4.0,1.0,1.0
2692,4.0,5.0,2.0
2693,2.0,5.0,2.0
2694,3.0,4.0,4.0
2695,5.0,2.0,3.0
2696,3.0,1.0,3.0
2697,1.0,5.0,3.0
2698,5.0,4.0,5.0
2699,1.0,1.0,5.0
2700,3.0,5.0,1.0
2701,5.0,5.0,3.0
2702,5.0,1.0,2.0
2703,1.0,5.0,4.0
2704,2.0,4.0,4.0
2705,3.0,2.0,2.0
2706,3.0,2.0,5.0
2707,1.0,2.0,1.0
2708,1.0,3.0,5.0
2709,1.0,2.0,2.0
2710,4.0,2.0,3.0
2711,4.0,2.0,5.0
2712,3.0,2.0,5.0
2713,5.0,2.0,4.0
2714,3.0,1.0,3.0
2715,3.0,5.0,1.0
2716,3.0,2.0,2.0
2717,1.0,1.0,2.0
2718,3.0,5.0,5.0
2719,5.0,5.0,5.0
2720,3.0,3.0,2.0
2721,1.0,4.0,3.0
2722,3.0,4.0,2.0
2723,3.0,1.0,5.0
2724,5.0,3.0,4.0
2725,4.0,1.0,5.0
2726,2.0,4.0,2.0
2727,1.0,3.0,3.0
2728,3.0,2.0,1.0
2729,3.0,5.0,1.0
2730,2.0,3.0,4.0
2731,2.0,3.0,2.0
2732,1.0,5.0,3.0
2733,3.0,4.0,1.0
2734,2.0,2.0,3.0
2735,5.0,1.0,2.0
2736,4.0,2.0,2.0
2737,5.0,5.0,3.0
2738,4.0,3.0,1.0
2739,1.0,2.0,5.0
2740,2.0,5.0,1.0
2741,4.0,3.0,1.0
2742,5.0,3.0,4.0
2743,3.0,2.0,5.0
2744,2.0,4.0,2.0
2745,1.0,2.0,2.0
2746,4.0,4.0,5.0
2747,3.0,1.0,5.0
2748,5.0,2.0,5.0
2749,5.0,3.0,4.0
2750,3.0,4.0,4.0
2751,3.0,1.0,2.0
2752,3.0,5.0,1.0
2753,3.0,1.0,4.0
2754,1.0,5.0,1.0
2755,5.0,5.0,4.0
2756,1.0,3.0,1.0
2757,3.0,4.0,2.0
2758,1.0,3.0,1.0
2759,3.0,1.0,3.0
2760,2.0,1.0,4.0
2761,1.0,4.0,3.0
2762,3.0,1.0,2.0
2763,4.0,2.0,4.0
2764,2.0,4.0,3.0
2765,3.0,1.0,3.0
2766,3.0,5.0,5.0
2767,3.0,3.0,4.0
2768,2.0,1.0,5.0
2769,3.0,1.0,3.0
2770,1.0,2.0,3.0
2771,2.0,4.0,2.0
2772,2.0,4.0,5.0
2773,2.0,5.0,4.0
2774,1.0,5.0,3.0
2775,1.0,4.0,3.0
2776,5.0,3.0,5.0
2777,5.0,1.0,3.0
2778,1.0,1.0,4.0
2779,4.0,1.0,1.0
2780,3.0,5.0,2.0
2781,1.0,2.0,2.0
2782,3.0,5.0,3.0
2783,3.0,1.0,1.0
2784,4.0,3.0,4.0
2785,3.0,1.0,5.0
2786,4.0,3.0,1.0
2787,4.0,2.0,5.0
2788,4.0,1.0,3.0
2789,1.0,2.0,2.0
2790,1.0,5.0,2.0
2791,1.0,3.0,1.0
2792,3.0,4.0,4.0
2793,2.0,5.0,3.0
2794,5.0,4.0,4.0
2795,5.0,1.0,1.0
2796,2.0,4.0,2.0
2797,2.0,1.0,2.0
2798,3.0,4.0,2.0
2799,2.0,1.0,1.0
2800,1.0,2.0,2.0
2801,1.0,3.0,4.0
2802,2.0,3.0,5.0
2803,4.0,4.0,5.0
2804,5.0,4.0,2.0
2805,5.0,3.0,2.0
2806,1.0,3.0,1.0
2807,3.0,2.0,4.0
2808,5.0,2.0,4.0
2809,1.0,1.0,5.0
2810,2.0,5.0,5.0
2811,3.0,4.0,3.0
2812,3.0,2.0,5.0
2813,4.0,4.0,2.0
2814,4.0,1.0,1.0
2815,2.0,5.0,3.0
2816,4.0,2.0,4.0
2817,4.0,1.0,5.0
2818,4.0,3.0,3.0
2819,2.0,3.0,4.0
2820,2.0,1.0,5.0
2821,2.0,5.0,5.0
2822,2.0,3.0,3.0
2823,5.0,2.0,1.0
2824,1.0,4.0,1.0
2825,5.0,4.0,4.0
2826,4.0,3.0,4.0
2827,4.0,4.0,5.0
2828,5.0,5.0,3.0
2829,2.0,5.0,3.0
2830,1.0,2.0,2.0
2831,5.0,1.0,4.0
2832,4.0,5.0,5.0
2833,2.0,5.0,2.0
2834,5.0,3.0,3.0
2835,4.0,5.0,3.0
2836,5.0,4.0,1.0
2837,4.0,1.0,4.0
2838,4.0,4.0,2.0
2839,1.0,4.0,5.0
2840,3.0,2.0,3.0
2841,2.0,2.0,2.0
2842,2.0,1.0,5.0
2843,5.0,1.0,4.0
2844,2.0,5.0,2.0
2845,3.0,4.0,2.0
2846,1.0,1.0,4.0
2847,1.0,2.0,2.0
2848,2.0,1.0,1.0
2849,5.0,1.0,1.0
2850,4.0,1.0,4.0
2851,4.0,3.0,3.0
2852,2.0,1.0,2.0
2853,5.0,1.0,1.0
2854,1.0,3.0,4.0
2855,3.0,5.0,5.0
2856,4.0,5.0,2.0
2857,5.0,2.0,5.0
2858,1.0,2.0,5.0
2859,1.0,3.0,3.0
2860,2.0,1.0,4.0
2861,2.0,4.0,5.0
2862,1.0,2.0,3.0
2863,2.0,2.0,1.0
2864,1.0,3.0,4.0
2865,2.0,2.0,3.0
2866,3.0,3.0,2.0
2867,3.0,1.0,3.0
2868,3.0,4.0,1.0
2869,2.0,5.0,4.0
2870,5.0,3.0,2.0
2871,2.0,5.0,2.0
2872,3.0,5.0,1.0
2873,4.0,2.0,3.0
2874,3.0,5.0,1.0
2875,3.0,5.0,4.0
2876,3.0,3.0,2.0
2877,2.0,4.0,1.0
2878,2.0,3.0,3.0
2879,1.0,5.0,2.0
2880,1.0,1.0,2.0
2881,5.0,4.0,1.0
2882,3.0,2.0,5.0
2883,4.0,3.0,4.0
2884,3.0,2.0,4.0
2885,1.0,5.0,5.0
2886,5.0,5.0,1.0
2887,5.0,1.0,1.0
2888,5.0,2.0,5.0
2889,2.0,2.0,1.0
2890,3.0,5.0,5.0
2891,5.0,2.0,3.0
2892,2.0,1.0,5.0
2893,3.0,1.0,1.0
2894,1.0,4.0,4.0
2895,1.0,2.0,5.0
2896,5.0,4.0,1.0
2897,3.0,5.0,2.0
2898,1.0,4.0,3.0
2899,1.0,5.0,3.0
2900,1.0,4.0,1.0
2901,1.0,4.0,5.0
2902,5.0,4.0,3.0
2903,3.0,3.0,5.0
2904,4.0,2.0,4.0
2905,2.0,5.0,1.0
2906,2.0,5.0,4.0
2907,1.0,4.0,5.0
2908,4.0,2.0,5.0
2909,2.0,4.0,4.0
2910,5.0,1.0,3.0
2911,5.0,2.0,2.0
2912,3.0,5.0,3.0
2913,4.0,1.0,2.0
2914,5.0,3.0,3.0
2915,3.0,4.0,2.0
2916,4.0,4.0,2.0
2917,1.0,4.0,5.0
2918,4.0,3.0,1.0
2919,5.0,1.0,2.0
2920,2.0,4.0,4.0
2921,5.0,2.0,3.0
2922,4.0,2.0,5.0
2923,5.0,1.0,2.0
2924,5.0,4.0,4.0
2925,1.0,3.0,1.0
2926,1.0,1.0,1.0
2927,4.0,2.0,2.0
2928,5.0,4.0,1.0
2929,1.0,3.0,4.0
2930,1.0,4.0,2.0
2931,5.0,4.0,4.0
2932,4.0,4.0,3.0
2933,3.0,1.0,4.0
2934,4.0,3.0,1.0
2935,5.0,1.0,1.0
2936,4.0,3.0,1.0
2937,1.0,4.0,4.0
2938,2.0,5.0,1.0
2939,4.0,3.0,3.0
2940,5.0,1.0,3.0
2941,5.0,2.0,5.0
2942,3.0,3.0,4.0
2943,4.0,1.0,5.0
2944,2.0,4.0,1.0
2945,4.0,2.0,1.0
2946,4.0,5.0,3.0
2947,3.0,4.0,2.0
2948,2.0,4.0,5.0
2949,2.0,2.0,2.0
2950,3.0,3.0,5.0
2951,3.0,1.0,3.0
2952,5.0,3.0,2.0
2953,2.0,3.0,4.0
2954,5.0,2.0,1.0
2955,5.0,2.0,3.0
2956,5.0,4.0,1.0
2957,1.0,3.0,4.0
2958,1.0,2.0,4.0
2959,1.0,5.0,2.0
2960,2.0,4.0,3.0
2961,2.0,2.0,4.0
2962,1.0,2.0,3.0
2963,1.0,3.0,2.0
2964,4.0,1.0,3.0
2965,4.0,4.0,5.0
2966,5.0,2.0,5.0
2967,2.0,3.0,1.0
2968,1.0,5.0,4.0
2969,4.0,5.0,5.0
2970,5.0,5.0,5.0
2971,3.0,5.0,4.0
2972,3.0,4.0,3.0
2973,1.0,3.0,3.0
2974,4.0,5.0,4.0
2975,2.0,3.0,4.0
2976,4.0,3.0,1.0
2977,2.0,4.0,3.0
2978,5.0,2.0,4.0
2979,4.0,5.0,4.0
2980,1.0,3.0,5.0
2981,5.0,3.0,2.0
2982,5.0,4.0,3.0
2983,4.0,5.0,4.0
2984,4.0,1.0,1.0
2985,3.0,5.0,2.0
2986,4.0,5.0,3.0
2987,4.0,3.0,3.0
2988,4.0,4.0,4.0
2989,2.0,3.0,3.0
2990,2.0,2.0,3.0
2991,5.0,5.0,3.0
2992,1.0,4.0,2.0
2993,5.0,5.0,1.0
2994,5.0,5.0,3.0
2995,1.0,5.0,2.0
2996,3.0,2.0,2.0
2997,1.0,2.0,5.0
2998,4.0,3.0,3.0
2999,2.0,1.0,4.0
3000,2.0,2.0,5.0
3001,5.0,4.0,3.0
3002,3.0,3.0,3.0
3003,4.0,3.0,5.0
3004,4.0,3.0,4.0
3005,4.0,5.0,1.0
3006,3.0,5.0,2.0
3007,2.0,5.0,3.0
3008,2.0,1.0,4.0
3009,1.0,2.0,4.0
3010,1.0,5.0,5.0
3011,4.0,4.0,3.0
3012,3.0,5.0,1.0
3013,5.0,2.0,4.0
3014,3.0,4.0,2.0
3015,5.0,5.0,5.0
3016,3.0,1.0,2.0
3017,3.0,5.0,3.0
3018,1.0,1.0,4.0
3019,3.0,4.0,2.0
3020,2.0,5.0,1.0
3021,5.0,3.0,4.0
3022,2.0,2.0,3.0
3023,3.0,5.0,3.0
3024,4.0,5.0,5.0
3025,3.0,4.0,5.0
3026,3.0,2.0,4.0
3027,3.0,2.0,4.0
3028,5.0,4.0,1.0
3029,1.0,1.0,3.0
3030,2.0,2.0,5.0
3031,2.0,3.0,2.0
3032,1.0,3.0,2.0
3033,3.0,3.0,5.0
3034,1.0,4.0,2.0
3035,2.0,4.0,5.0
3036,1.0,4.0,2.0
3037,3.0,4.0,2.0
3038,5.0,5.0,5.0
3039,4.0,2.0,1.0
3040,5.0,1.0,4.0
3041,5.0,5.0,4.0
3042,4.0,1.0,2.0
3043,5.0,3.0,3.0
3044,1.0,1.0,3.0
3045,5.0,4.0,1.0
3046,2.0,5.0,3.0
3047,4.0,2.0,1.0
3048,2.0,2.0,3.0
3049,5.0,3.0,2.0
3050,1.0,3.0,4.0
3051,3.0,5.0,5.0
3052,5.0,1.0,3.0
3053,2.0,1.0,3.0
3054,5.0,5.0,2.0
3055,5.0,1.0,3.0
3056,5.0,5.0,2.0
3057,1.0,2.0,5.0
3058,4.0,1.0,1.0
3059,2.0,1.0,3.0
3060,5.0,2.0,4.0
3061,5.0,1.0,3.0
3062,3.0,4.0,1.0
3063,1.0,5.0,1.0
3064,2.0,2.0,5.0
3065,3.0,1.0,2.0
3066,5.0,4.0,1.0
3067,3.0,1.0,2.0
3068,3.0,2.0,1.0
3069,1.0,2.0,3.0
3070,1.0,5.0,4.0
3071,1.0,4.0,2.0
3072,2.0,4.0,1.0
3073,2.0,3.0,5.0
3074,1.0,3.0,2.0
3075,5.0,3.0,1.0
3076,2.0,1.0,5.0
3077,2.0,1.0,2.0
3078,1.0,1.0,5.0
3079,3.0,5.0,3.0
3080,3.0,3.0,5.0
3081,3.0,3.0,1.0
3082,4.0,3.0,4.0
3083,4.0,4.0,3.0
3084,5.0,3.0,3.0
3085,4.0,3.0,5.0
3086,4.0,2.0,2.0
3087,4.0,3.0,4.0
3088,5.0,3.0,5.0
3089,5.0,3.0,5.0
3090,3.0,2.0,4.0
3091,2.0,2.0,4.0
3092,4.0,4.0,1.0
3093,3.0,4.0,5.0
3094,2.0,3.0,1.0
3095,5.0,2.0,3.0
3096,1.0,3.0,2.0
3097,5.0,3.0,4.0
3098,3.0,5.0,4.0
3099,5.0,4.0,4.0
3100,1.0,5.0,2.0
3101,5.0,4.0,1.0
3102,1.0,2.0,3.0
3103,2.0,5.0,2.0
3104,5.0,2.0,3.0
3105,2.0,1.0,2.0
3106,5.0,1.0,2.0
3107,2.0,1.0,4.0
3108,1.0,4.0,1.0
3109,1.0,2.0,1.0
3110,1.0,2.0,1.0
3111,2.0,5.0,2.0
3112,5.0,2.0,3.0
3113,5.0,2.0,5.0
3114,2.0,2.0,2.0
3115,1.0,3.0,5.0
3116,2.0,1.0,4.0
3117,2.0,3.0,1.0
3118,3.0,2.0,3.0
3119,4.0,5.0,2.0
3120,1.0,5.0,3.0
3121,4.0,1.0,3.0
3122,1.0,1.0,5.0
3123,5.0,2.0,2.0
3124,2.0,4.0,2.0
3125,3.0,5.0,4.0
3126,4.0,5.0,1.0
3127,4.0,5.0,5.0
3128,3.0,5.0,4.0
3129,4.0,2.0,4.0
3130,4.0,3.0,3.0
3131,3.0,2.0,5.0
3132,2.0,2.0,1.0
3133,1.0,5.0,1.0
3134,3.0,2.0,1.0
3135,1.0,2.0,1.0
3136,5.0,3.0,5.0
3137,1.0,2.0,4.0
3138,5.0,3.0,1.0
3139,3.0,2.0,1.0
3140,1.0,1.0,1.0
3141,3.0,1.0,4.0
3142,4.0,5.0,1.0
3143,1.0,4.0,1.0
3144,3.0,4.0,3.0
3145,1.0,2.0,1.0
3146,5.0,1.0,1.0
3147,2.0,2.0,5.0
3148,4.0,5.0,1.0
3149,2.0,1.0,4.0
3150,3.0,2.0,2.0
3151,3.0,3.0,1.0
3152,1.0,3.0,1.0
3153,1.0,5.0,3.0
3154,1.0,3.0,5.0
3155,2.0,5.0,4.0
3156,4.0,2.0,2.0
3157,4.0,1.0,3.0
3158,1.0,1.0,3.0
3159,1.0,1.0,2.0
3160,5.0,5.0,3.0
3161,1.0,5.0,4.0
3162,4.0,4.0,2.0
3163,2.0,4.0,5.0
3164,4.0,2.0,3.0
3165,1.0,5.0,5.0
3166,2.0,4.0,1.0
3167,5.0,2.0,1.0
3168,5.0,2.0,2.0
3169,3.0,2.0,3.0
3170,1.0,3.0,2.0
3171,4.0,1.0,5.0
3172,2.0,3.0,1.0
3173,5.0,4.0,3.0
3174,1.0,5.0,5.0
3175,5.0,4.0,1.0
3176,5.0,3.0,5.0
3177,3.0,4.0,2.0
3178,5.0,2.0,1.0
3179,5.0,2.0,1.0
3180,2.0,1.0,1.0
3181,5.0,4.0,1.0
3182,3.0,3.0,4.0
3183,1.0,1.0,4.0
3184,3.0,1.0,4.0
3185,5.0,4.0,5.0
3186,5.0,2.0,3.0
3187,4.0,2.0,2.0
3188,5.0,2.0,4.0
3189,4.0,3.0,4.0
3190,4.0,5.0,5.0
3191,1.0,2.0,2.0
3192,5.0,4.0,1.0
3193,1.0,1.0,5.0
3194,2.0,5.0,5.0
3195,5.0,4.0,1.0
3196,3.0,3.0,1.0
3197,5.0,5.0,2.0
3198,1.0,3.0,1.0
3199,1.0,4.0,4.0
3200,5.0,1.0,3.0
3201,1.0,4.0,5.0
3202,2.0,5.0,1.0
3203,4.0,4.0,2.0
3204,4.0,1.0,1.0
3205,3.0,1.0,3.0
3206,2.0,4.0,4.0
3207,4.0,4.0,5.0
3208,5.0,1.0,3.0
3209,3.0,3.0,1.0
3210,3.0,5.0,1.0
3211,1.0,5.0,3.0
3212,2.0,5.0,4.0
3213,2.0,5.0,1.0
3214,3.0,1.0,2.0
3215,4.0,3.0,5.0
3216,1.0,4.0,3.0
3217,1.0,2.0,1.0
3218,2.0,2.0,5.0
3219,3.0,3.0,4.0
3220,5.0,4.0,3.0
3221,1.0,3.0,5.0
3222,2.0,5.0,1.0
3223,4.0,4.0,2.0
3224,2.0,4.0,5.0
3225,3.0,1.0,1.0
3226,1.0,2.0,3.0
3227,3.0,5.0,2.0
3228,3.0,5.0,3.0
3229,4.0,3.0,4.0
3230,4.0,3.0,1.0
3231,5.0,3.0,3.0
3232,5.0,2.0,3.0
3233,5.0,3.0,1.0
3234,1.0,3.0,4.0
3235,3.0,4.0,1.0
3236,2.0,4.0,1.0
3237,5.0,1.0,2.0
3238,5.0,3.0,5.0
3239,5.0,2.0,5.0
3240,2.0,5.0,4.0
3241,1.0,5.0,3.0
3242,3.0,3.0,1.0
3243,2.0,3.0,1.0
3244,2.0,1.0,1.0
3245,3.0,5.0,2.0
3246,1.0,1.0,4.0
3247,2.0,5.0,4.0
3248,4.0,3.0,3.0
3249,3.0,2.0,5.0
3250,1.0,1.0,3.0
3251,5.0,1.0,2.0
3252,1.0,3.0,1.0
3253,1.0,3.0,1.0
3254,2.0,4.0,1.0
3255,1.0,4.0,1.0
3256,4.0,1.0,4.0
3257,1.0,3.0,5.0
3258,4.0,4.0,3.0
3259,5.0,2.0,1.0
3260,5.0,2.0,1.0
3261,2.0,2.0,1.0
3262,4.0,3.0,3.0
3263,1.0,3.0,2.0
3264,1.0,4.0,3.0
3265,4.0,3.0,2.0
3266,1.0,2.0,3.0
3267,1.0,5.0,2.0
3268,1.0,5.0,4.0
3269,1.0,5.0,2.0
3270,5.0,5.0,4.0
3271,1.0,5.0,1.0
3272,5.0,5.0,2.0
3273,4.0,5.0,4.0
3274,3.0,5.0,4.0
3275,1.0,2.0,3.0
3276,2.0,2.0,4.0
3277,3.0,2.0,3.0
3278,1.0,4.0,4.0
3279,5.0,2.0,1.0
3280,4.0,5.0,4.0
3281,4.0,4.0,4.0
3282,5.0,1.0,1.0
3283,1.0,3.0,3.0
3284,2.0,4.0,1.0
3285,3.0,3.0,3.0
3286,3.0,1.0,4.0
3287,5.0,1.0,2.0
3288,1.0,5.0,2.0
3289,3.0,5.0,1.0
3290,1.0,1.0,2.0
3291,1.0,1.0,3.0
3292,5.0,4.0,3.0
3293,5.0,3.0,4.0
3294,3.0,2.0,2.0
3295,1.0,2.0,1.0
3296,1.0,4.0,5.0
3297,2.0,3.0,3.0
3298,3.0,4.0,4.0
3299,4.0,1.0,2.0
3300,1.0,1.0,3.0
3301,2.0,2.0,2.0
3302,5.0,1.0,2.0
3303,1.0,2.0,1.0
3304,2.0,4.0,2.0
3305,5.0,4.0,5.0
3306,3.0,5.0,1.0
3307,2.0,4.0,1.0
3308,1.0,3.0,2.0
3309,2.0,3.0,5.0
3310,4.0,5.0,5.0
3311,5.0,2.0,1.0
3312,3.0,1.0,4.0
3313,1.0,2.0,2.0
3314,1.0,4.0,1.0
3315,5.0,3.0,4.0
3316,2.0,1.0,2.0
3317,1.0,5.0,5.0
3318,4.0,3.0,3.0
3319,5.0,3.0,4.0
3320,1.0,4.0,4.0
3321,4.0,1.0,3.0
3322,2.0,5.0,4.0
3323,5.0,3.0,5.0
3324,3.0,2.0,5.0
3325,4.0,5.0,5.0
3326,4.0,1.0,3.0
3327,5.0,1.0,1.0
3328,2.0,5.0,4.0
3329,4.0,4.0,3.0
3330,1.0,3.0,3.0
3331,1.0,5.0,5.0
3332,2.0,4.0,5.0
3333,2.0,3.0,1.0
3334,1.0,4.0,2.0
3335,5.0,1.0,3.0
3336,4.0,4.0,2.0
3337,5.0,5.0,2.0
3338,3.0,2.0,4.0
3339,1.0,1.0,3.0
3340,5.0,2.0,3.0
3341,3.0,5.0,3.0
3342,3.0,4.0,1.0
3343,4.0,2.0,5.0
3344,5.0,4.0,1.0
3345,1.0,1.0,3.0
3346,5.0,3.0,2.0
3347,4.0,2.0,1.0
3348,5.0,2.0,1.0
3349,1.0,4.0,3.0
3350,2.0,1.0,1.0
3351,4.0,2.0,3.0
3352,2.0,5.0,2.0
3353,2.0,3.0,2.0
3354,1.0,4.0,1.0
3355,1.0,3.0,3.0
3356,2.0,5.0,1.0
3357,3.0,3.0,1.0
3358,1.0,1.0,2.0
3359,3.0,1.0,3.0
3360,4.0,4.0,1.0
3361,1.0,3.0,3.0
3362,1.0,5.0,1.0
3363,4.0,4.0,2.0
3364,1.0,5.0,2.0
3365,1.0,1.0,4.0
3366,4.0,5.0,5.0
3367,4.0,1.0,5.0
3368,5.0,1.0,4.0
3369,2.0,5.0,4.0
3370,3.0,5.0,3.0
3371,4.0,2.0,5.0
3372,1.0,3.0,1.0
3373,2.0,4.0,4.0
3374,1.0,3.0,3.0
3375,2.0,4.0,3.0
3376,4.0,1.0,2.0
3377,3.0,5.0,3.0
3378,5.0,1.0,4.0
3379,2.0,1.0,4.0
3380,4.0,3.0,2.0
3381,1.0,5.0,2.0
3382,3.0,5.0,5.0
3383,3.0,2.0,3.0
3384,2.0,1.0,2.0
3385,2.0,1.0,4.0
3386,2.0,1.0,5.0
3387,1.0,3.0,4.0
3388,3.0,1.0,3.0
3389,2.0,3.0,1.0
3390,2.0,4.0,2.0
3391,4.0,3.0,1.0
3392,3.0,4.0,2.0
3393,3.0,4.0,4.0
3394,1.0,5.0,5.0
3395,4.0,4.0,3.0
3396,4.0,3.0,3.0
3397,3.0,3.0,2.0
3398,5.0,2.0,1.0
3399,4.0,4.0,5.0
3400,2.0,5.0,3.0
3401,4.0,4.0,1.0
3402,1.0,4.0,4.0
3403,4.0,4.0,3.0
3404,4.0,1.0,1.0
3405,2.0,1.0,1.0
3406,5.0,5.0,4.0
3407,1.0,3.0,5.0
3408,2.0,2.0,4.0
3409,5.0,5.0,4.0
3410,4.0,3.0,4.0
3411,2.0,3.0,2.0
3412,5.0,4.0,4.0
3413,1.0,2.0,5.0
3414,5.0,2.0,4.0
3415,2.0,5.0,1.0
3416,1.0,2.0,1.0
3417,2.0,5.0,5.0
3418,5.0,3.0,4.0
3419,2.0,5.0,2.0
3420,2.0,3.0,3.0
3421,5.0,4.0,2.0
3422,1.0,1.0,3.0
3423,4.0,5.0,3.0
3424,2.0,4.0,5.0
3425,5.0,2.0,3.0
3426,1.0,3.0,2.0
3427,1.0,2.0,3.0
3428,2.0,1.0,5.0
3429,1.0,2.0,1.0
3430,5.0,5.0,4.0
3431,2.0,5.0,3.0
3432,2.0,3.0,5.0
3433,1.0,5.0,2.0
3434,1.0,4.0,2.0
3435,4.0,3.0,3.0
3436,5.0,5.0,2.0
3437,3.0,2.0,5.0
3438,4.0,2.0,5.0
3439,1.0,2.0,5.0
3440,1.0,4.0,5.0
3441,4.0,2.0,5.0
3442,2.0,5.0,3.0
3443,2.0,2.0,4.0
3444,1.0,2.0,4.0
3445,4.0,5.0,2.0
3446,4.0,3.0,5.0
3447,5.0,1.0,4.0
3448,5.0,1.0,5.0
3449,3.0,2.0,1.0
3450,4.0,3.0,5.0
3451,5.0,1.0,2.0
3452,5.0,5.0,2.0
3453,5.0,5.0,3.0
3454,4.0,4.0,2.0
3455,2.0,1.0,1.0
3456,4.0,3.0,4.0
3457,5.0,1.0,4.0
3458,2.0,5.0,5.0
3459,4.0,4.0,3.0
3460,4.0,3.0,3.0
3461,1.0,4.0,4.0
3462,3.0,3.0,1.0
3463,4.0,3.0,4.0
3464,2.0,5.0,3.0
3465,5.0,4.0,3.0
3466,1.0,3.0,4.0
3467,4.0,3.0,2.0
3468,3.0,1.0,3.0
3469,5.0,5.0,1.0
3470,1.0,2.0,3.0
3471,2.0,4.0,1.0
3472,5.0,5.0,4.0
3473,3.0,4.0,4.0
3474,3.0,1.0,2.0
3475,4.0,3.0,4.0
3476,5.0,5.0,3.0
3477,1.0,2.0,1.0
3478,3.0,4.0,1.0
3479,4.0,4.0,4.0
3480,1.0,5.0,3.0
3481,5.0,2.0,4.0
3482,4.0,5.0,5.0
3483,1.0,4.0,5.0
3484,1.0,2.0,4.0
3485,2.0,1.0,3.0
3486,3.0,1.0,1.0
3487,5.0,4.0,1.0
3488,1.0,5.0,1.0
3489,2.0,4.0,5.0
3490,5.0,3.0,2.0
3491,3.0,4.0,5.0
3492,1.0,5.0,5.0
3493,3.0,1.0,5.0
3494,1.0,2.0,1.0
3495,4.0,3.0,5.0
3496,1.0,3.0,2.0
3497,2.0,3.0,4.0
3498,3.0,3.0,4.0
3499,5.0,3.0,5.0
3500,4.0,1.0,4.0
3501,2.0,3.0,4.0
3502,5.0,3.0,5.0
3503,5.0,2.0,3.0
3504,3.0,4.0,3.0
3505,4.0,3.0,2.0
3506,2.0,2.0,3.0
3507,2.0,5.0,2.0
3508,1.0,5.0,4.0
3509,4.0,5.0,2.0
3510,2.0,4.0,3.0
3511,5.0,4.0,5.0
3512,5.0,1.0,3.0
3513,4.0,1.0,3.0
3514,2.0,1.0,1.0
3515,3.0,5.0,5.0
3516,2.0,3.0,5.0
3517,4.0,1.0,1.0
3518,4.0,2.0,5.0
3519,1.0,3.0,4.0
3520,5.0,1.0,1.0
3521,1.0,3.0,3.0
3522,1.0,5.0,4.0
3523,3.0,2.0,3.0
3524,3.0,2.0,4.0
3525,1.0,2.0,1.0
3526,1.0,5.0,3.0
3527,1.0,3.0,2.0
3528,5.0,2.0,2.0
3529,2.0,3.0,4.0
3530,1.0,2.0,5.0
3531,2.0,4.0,4.0
3532,2.0,2.0,5.0
3533,2.0,5.0,2.0
3534,4.0,3.0,2.0
3535,1.0,5.0,1.0
3536,1.0,2.0,4.0
3537,4.0,2.0,5.0
3538,1.0,5.0,4.0
3539,3.0,3.0,4.0
3540,2.0,2.0,3.0
3541,1.0,3.0,3.0
3542,2.0,3.0,4.0
3543,4.0,5.0,5.0
3544,3.0,5.0,3.0
3545,2.0,5.0,2.0
3546,2.0,5.0,5.0
3547,2.0,4.0,2.0
3548,5.0,5.0,3.0
3549,1.0,4.0,1.0
3550,3.0,5.0,4.0
3551,4.0,4.0,3.0
3552,3.0,4.0,2.0
3553,4.0,2.0,4.0
3554,2.0,1.0,2.0
3555,2.0,5.0,1.0
3556,2.0,2.0,3.0
3557,4.0,5.0,2.0
3558,2.0,5.0,3.0
3559,3.0,2.0,1.0
3560,2.0,4.0,5.0
3561,2.0,1.0,5.0
3562,2.0,1.0,3.0
3563,4.0,1.0,3.0
3564,4.0,4.0,3.0
3565,5.0,5.0,5.0
3566,1.0,2.0,3.0
3567,2.0,3.0,2.0
3568,2.0,4.0,1.0
3569,1.0,3.0,5.0
3570,2.0,5.0,3.0
3571,4.0,1.0,5.0
3572,5.0,5.0,5.0
3573,4.0,1.0,1.0
3574,3.0,3.0,3.0
3575,5.0,1.0,5.0
3576,2.0,3.0,3.0
3577,5.0,4.0,5.0
3578,1.0,4.0,2.0
3579,5.0,3.0,3.0
3580,2.0,4.0,3.0
3581,3.0,4.0,4.0
3582,2.0,2.0,5.0
3583,4.0,1.0,4.0
3584,2.0,2.0,5.0
3585,1.0,2.0,3.0
3586,4.0,2.0,4.0
3587,1.0,2.0,2.0
3588,4.0,2.0,1.0
3589,2.0,3.0,2.0
3590,2.0,5.0,4.0
3591,2.0,1.0,4.0
3592,4.0,1.0,2.0
3593,4.0,4.0,3.0
3594,1.0,5.0,1.0
3595,2.0,3.0,1.0
3596,4.0,3.0,4.0
3597,5.0,4.0,4.0
3598,2.0,5.0,4.0
3599,4.0,4.0,2.0
3600,2.0,1.0,4.0
3601,1.0,1.0,2.0
3602,3.0,3.0,3.0
3603,5.0,1.0,3.0
3604,3.0,5.0,4.0
3605,5.0,1.0,3.0
3606,3.0,5.0,1.0
3607,2.0,4.0,1.0
3608,1.0,3.0,1.0
3609,2.0,2.0,4.0
3610,4.0,5.0,5.0
3611,2.0,3.0,4.0
3612,5.0,3.0,3.0
3613,1.0,5.0,2.0
3614,4.0,5.0,1.0
3615,3.0,1.0,4.0
3616,1.0,1.0,1.0
3617,2.0,3.0,3.0
3618,3.0,4.0,5.0
3619,1.0,5.0,2.0
3620,1.0,2.0,2.0
3621,2.0,3.0,2.0
3622,3.0,1.0,5.0
3623,2.0,2.0,5.0
3624,2.0,2.0,2.0
3625,5.0,2.0,4.0
3626,2.0,5.0,1.0
3627,1.0,1.0,4.0
3628,4.0,3.0,1.0
3629,2.0,4.0,4.0
3630,5.0,3.0,2.0
3631,4.0,1.0,5.0
3632,3.0,4.0,5.0
3633,4.0,4.0,4.0
3634,2.0,5.0,2.0
3635,1.0,5.0,4.0
3636,3.0,5.0,3.0
3637,2.0,1.0,3.0
3638,4.0,5.0,1.0
3639,3.0,2.0,3.0
3640,2.0,1.0,2.0
3641,2.0,5.0,4.0
3642,4.0,1.0,2.0
3643,1.0,5.0,3.0
3644,4.0,4.0,4.0
3645,1.0,3.0,3.0
3646,5.0,4.0,4.0
3647,2.0,4.0,4.0
3648,3.0,3.0,5.0
3649,1.0,2.0,2.0
3650,3.0,2.0,4.0
3651,1.0,4.0,1.0
3652,1.0,5.0,2.0
3653,4.0,4.0,3.0
3654,2.0,4.0,1.0
3655,1.0,5.0,1.0
3656,5.0,3.0,2.0
3657,4.0,2.0,4.0
3658,5.0,4.0,2.0
3659,3.0,1.0,5.0
3660,3.0,2.0,4.0
3661,3.0,2.0,5.0
3662,3.0,5.0,3.0
3663,2.0,3.0,4.0
3664,5.0,3.0,2.0
3665,5.0,2.0,1.0
3666,5.0,2.0,1.0
3667,1.0,1.0,2.0
3668,1.0,5.0,1.0
3669,4.0,2.0,4.0
3670,2.0,2.0,3.0
3671,3.0,4.0,5.0
3672,3.0,2.0,4.0
3673,3.0,3.0,1.0
3674,4.0,4.0,3.0
3675,5.0,3.0,2.0
3676,3.0,4.0,1.0
3677,3.0,5.0,5.0
3678,3.0,4.0,4.0
3679,4.0,2.0,5.0
3680,3.0,2.0,3.0
3681,5.0,2.0,5.0
3682,3.0,3.0,3.0
3683,2.0,1.0,5.0
3684,5.0,5.0,3.0
3685,4.0,3.0,4.0
3686,3.0,3.0,1.0
3687,2.0,4.0,5.0
3688,4.0,4.0,4.0
3689,4.0,4.0,3.0
3690,4.0,3.0,5.0
3691,1.0,1.0,5.0
3692,4.0,5.0,3.0
3693,3.0,1.0,1.0
3694,3.0,3.0,5.0
3695,1.0,1.0,4.0
3696,2.0,1.0,2.0
3697,3.0,4.0,1.0
3698,2.0,5.0,4.0
3699,2.0,4.0,3.0
3700,4.0,1.0,1.0
3701,4.0,1.0,4.0
3702,2.0,4.0,1.0
3703,5.0,5.0,5.0
3704,2.0,4.0,5.0
3705,3.0,1.0,4.0
3706,2.0,1.0,4.0
3707,3.0,2.0,4.0
3708,5.0,5.0,2.0
3709,3.0,5.0,3.0
3710,5.0,5.0,3.0
3711,4.0,3.0,3.0
3712,2.0,3.0,1.0
3713,3.0,4.0,1.0
3714,3.0,5.0,2.0
3715,1.0,1.0,4.0
3716,5.0,3.0,3.0
3717,4.0,1.0,3.0
3718,1.0,1.0,3.0
3719,1.0,2.0,1.0
3720,2.0,1.0,5.0
3721,5.0,4.0,5.0
3722,1.0,5.0,5.0
3723,2.0,1.0,4.0
3724,1.0,2.0,5.0
3725,4.0,3.0,3.0
3726,1.0,4.0,1.0
3727,1.0,2.0,5.0
3728,5.0,1.0,2.0
3729,4.0,5.0,3.0
3730,4.0,5.0,5.0
3731,2.0,4.0,1.0
3732,3.0,4.0,4.0
3733,1.0,3.0,5.0
3734,4.0,5.0,2.0
3735,4.0,4.0,4.0
3736,3.0,1.0,3.0
3737,2.0,5.0,1.0
3738,3.0,3.0,5.0
3739,1.0,3.0,4.0
3740,2.0,2.0,4.0
3741,2.0,5.0,4.0
3742,2.0,1.0,1.0
3743,2.0,1.0,3.0
3744,4.0,3.0,2.0
3745,5.0,4.0,4.0
3746,2.0,1.0,5.0
3747,2.0,5.0,5.0
3748,4.0,1.0,3.0
3749,1.0,3.0,3.0
3750,4.0,1.0,5.0
3751,1.0,1.0,4.0
3752,3.0,1.0,5.0
3753,1.0,3.0,2.0
3754,3.0,3.0,5.0
3755,5.0,4.0,2.0
3756,1.0,5.0,3.0
3757,4.0,4.0,5.0
3758,2.0,1.0,1.0
3759,3.0,4.0,1.0
3760,4.0,3.0,1.0
3761,2.0,4.0,1.0
3762,2.0,1.0,1.0
3763,3.0,2.0,5.0
3764,2.0,1.0,5.0
3765,1.0,1.0,2.0
3766,4.0,4.0,5.0
3767,2.0,5.0,3.0
3768,2.0,4.0,1.0
3769,3.0,5.0,3.0
3770,1.0,3.0,3.0
3771,2.0,2.0,4.0
3772,2.0,5.0,1.0
3773,1.0,5.0,2.0
3774,5.0,3.0,1.0
3775,2.0,1.0,3.0
3776,4.0,1.0,5.0
3777,4.0,3.0,2.0
3778,1.0,5.0,3.0
3779,4.0,1.0,1.0
3780,2.0,3.0,2.0
3781,5.0,3.0,1.0
3782,1.0,5.0,1.0
3783,3.0,4.0,3.0
3784,3.0,3.0,2.0
3785,3.0,2.0,2.0
3786,3.0,4.0,2.0
3787,1.0,2.0,1.0
3788,3.0,4.0,2.0
3789,3.0,1.0,4.0
3790,3.0,2.0,1.0
3791,4.0,1.0,1.0
3792,2.0,2.0,2.0
3793,2.0,3.0,3.0
3794,1.0,1.0,3.0
3795,4.0,3.0,2.0
3796,1.0,5.0,2.0
3797,3.0,4.0,2.0
3798,1.0,1.0,1.0
3799,3.0,1.0,3.0
3800,5.0,3.0,5.0
3801,2.0,1.0,4.0
3802,3.0,3.0,5.0
3803,1.0,2.0,5.0
3804,3.0,2.0,2.0
3805,2.0,5.0,2.0
3806,4.0,1.0,5.0
3807,4.0,5.0,4.0
3808,5.0,4.0,4.0
3809,3.0,1.0,5.0
3810,3.0,3.0,1.0
3811,1.0,1.0,1.0
3812,3.0,3.0,1.0
3813,2.0,3.0,4.0
3814,4.0,1.0,2.0
3815,1.0,5.0,3.0
3816,1.0,1.0,5.0
3817,3.0,3.0,1.0
3818,1.0,1.0,3.0
3819,4.0,1.0,1.0
3820,1.0,3.0,4.0
3821,5.0,4.0,4.0
3822,4.0,4.0,5.0
3823,5.0,4.0,1.0
3824,4.0,4.0,5.0
3825,4.0,4.0,2.0
3826,2.0,1.0,3.0
3827,3.0,3.0,4.0
3828,2.0,5.0,1.0
3829,3.0,2.0,1.0
3830,1.0,1.0,3.0
3831,3.0,2.0,5.0
3832,1.0,4.0,5.0
3833,3.0,5.0,2.0
3834,3.0,5.0,5.0
3835,5.0,3.0,1.0
3836,2.0,3.0,5.0
3837,5.0,3.0,1.0
3838,1.0,1.0,2.0
3839,3.0,3.0,4.0
3840,1.0,5.0,4.0
3841,5.0,4.0,4.0
3842,2.0,5.0,5.0
3843,3.0,5.0,5.0
3844,3.0,2.0,5.0
3845,4.0,5.0,3.0
3846,4.0,5.0,1.0
3847,5.0,3.0,1.0
3848,5.0,1.0,4.0
3849,3.0,3.0,1.0
3850,1.0,3.0,5.0
3851,5.0,2.0,1.0
3852,5.0,2.0,4.0
3853,1.0,3.0,3.0
3854,5.0,2.0,5.0
3855,5.0,3.0,4.0
3856,5.0,1.0,4.0
3857,1.0,1.0,2.0
3858,3.0,3.0,1.0
3859,1.0,2.0,5.0
3860,2.0,4.0,3.0
3861,3.0,1.0,5.0
3862,3.0,1.0,3.0
3863,4.0,2.0,1.0
3864,3.0,4.0,2.0
3865,1.0,4.0,3.0
3866,2.0,1.0,5.0
3867,5.0,3.0,3.0
3868,3.0,1.0,2.0
3869,1.0,4.0,2.0
3870,1.0,5.0,1.0
3871,4.0,5.0,2.0
3872,5.0,5.0,3.0
3873,3.0,4.0,5.0
3874,4.0,4.0,5.0
3875,5.0,5.0,1.0
3876,3.0,2.0,5.0
3877,3.0,3.0,4.0
3878,4.0,4.0,1.0
3879,1.0,5.0,2.0
3880,4.0,3.0,1.0
3881,5.0,3.0,5.0
3882,5.0,3.0,3.0
3883,2.0,2.0,1.0
3884,4.0,2.0,3.0
3885,5.0,5.0,5.0
3886,5.0,2.0,5.0
3887,2.0,3.0,5.0
3888,3.0,1.0,4.0
3889,2.0,1.0,1.0
3890,2.0,3.0,3.0
3891,3.0,2.0,2.0
3892,5.0,4.0,2.0
3893,3.0,1.0,2.0
3894,4.0,3.0,5.0
3895,2.0,1.0,2.0
3896,5.0,3.0,1.0
3897,5.0,4.0,3.0
3898,4.0,5.0,1.0
3899,4.0,5.0,4.0
3900,5.0,2.0,1.0
3901,1.0,2.0,5.0
3902,3.0,1.0,1.0
3903,1.0,4.0,3.0
3904,4.0,4.0,1.0
3905,5.0,5.0,5.0
3906,3.0,2.0,4.0
3907,3.0,2.0,5.0
3908,2.0,5.0,3.0
3909,1.0,1.0,2.0
3910,5.0,3.0,4.0
3911,2.0,5.0,4.0
3912,1.0,3.0,4.0
3913,2.0,2.0,5.0
3914,3.0,5.0,3.0
3915,5.0,3.0,1.0
3916,1.0,3.0,1.0
3917,3.0,1.0,4.0
3918,3.0,3.0,5.0
3919,3.0,3.0,2.0
3920,2.0,1.0,4.0
3921,4.0,3.0,2.0
3922,5.0,3.0,1.0
3923,2.0,4.0,3.0
3924,2.0,4.0,5.0
3925,1.0,3.0,3.0
3926,4.0,1.0,4.0
3927,5.0,4.0,1.0
3928,4.0,2.0,1.0
3929,2.0,5.0,2.0
3930,4.0,4.0,4.0
3931,2.0,1.0,5.0
3932,5.0,5.0,4.0
3933,3.0,4.0,5.0
3934,3.0,3.0,2.0
3935,5.0,1.0,4.0
3936,5.0,3.0,4.0
3937,1.0,3.0,1.0
3938,1.0,1.0,1.0
3939,5.0,2.0,4.0
3940,5.0,4.0,3.0
3941,2.0,3.0,3.0
3942,3.0,4.0,1.0
3943,5.0,2.0,2.0
3944,5.0,3.0,4.0
3945,4.0,4.0,2.0
3946,1.0,3.0,4.0
3947,4.0,3.0,1.0
3948,4.0,4.0,2.0
3949,5.0,2.0,5.0
3950,2.0,3.0,5.0
3951,4.0,1.0,3.0
3952,1.0,4.0,1.0
3953,3.0,4.0,4.0
3954,5.0,1.0,5.0
3955,2.0,1.0,1.0
3956,4.0,5.0,2.0
3957,3.0,2.0,4.0
3958,5.0,3.0,1.0
3959,5.0,4.0,5.0
3960,3.0,4.0,1.0
3961,2.0,5.0,2.0
3962,4.0,3.0,3.0
3963,4.0,1.0,5.0
3964,5.0,2.0,3.0
3965,4.0,1.0,2.0
3966,5.0,5.0,5.0
3967,5.0,3.0,4.0
3968,5.0,5.0,1.0
3969,4.0,5.0,2.0
3970,5.0,1.0,5.0
3971,3.0,3.0,2.0
3972,5.0,4.0,1.0
3973,3.0,2.0,1.0
3974,4.0,5.0,1.0
3975,1.0,4.0,3.0
3976,4.0,5.0,1.0
3977,1.0,5.0,4.0
3978,4.0,3.0,5.0
3979,3.0,5.0,2.0
3980,4.0,2.0,5.0
3981,1.0,2.0,4.0
3982,1.0,1.0,1.0
3983,4.0,3.0,1.0
3984,5.0,5.0,4.0
3985,5.0,4.0,2.0
3986,4.0,3.0,2.0
3987,5.0,4.0,1.0
3988,5.0,2.0,5.0
3989,2.0,1.0,1.0
3990,2.0,2.0,1.0
3991,2.0,3.0,2.0
3992,4.0,3.0,1.0
3993,3.0,4.0,4.0
3994,3.0,5.0,2.0
3995,4.0,5.0,2.0
3996,3.0,5.0,1.0
3997,2.0,4.0,1.0
3998,5.0,5.0,2.0
3999,5.0,4.0,2.0
4000,3.0,2.0,1.0
